ts,temperatura,vibracao,qualidade_de_ar
2025-09-01 08:00:00.000000,63.15,84.89,Moderada
2025-09-01 08:01:00.000000,54.43,45.42,Boa
2025-09-01 08:02:00.000000,67.28,44.95,Moderada
2025-09-01 08:03:00.000000,56.82,73.55,Moderada
2025-09-01 08:04:00.000000,46.4,73.09,Boa
2025-09-01 08:05:00.000000,49.72,78.8,Boa
2025-09-01 08:06:00.000000,43.73,61.32,Boa
2025-09-01 08:07:00.000000,62.22,53.87,Boa
2025-09-01 08:08:00.000000,59.88,85.62,Moderada
2025-09-01 08:09:00.000000,65.01,51.81,Boa
2025-09-01 08:10:00.000000,48.18,78.63,Moderada
2025-09-01 08:11:00.000000,37.28,66.21,Moderada
2025-09-01 08:12:00.000000,51.33,47.01,Moderada
2025-09-01 08:13:00.000000,45.39,67.47,Moderada
2025-09-01 08:14:00.000000,43.28,31.93,Moderada
2025-09-01 08:15:00.000000,47.25,56.25,Boa
2025-09-01 08:16:00.000000,57.44,58.64,Moderada
2025-09-01 08:17:00.000000,41.77,69.29,Boa
2025-09-01 08:18:00.000000,55.53,47.22,Moderada
2025-09-01 08:19:00.000000,52.69,69.52,Boa
2025-09-01 08:20:00.000000,60.77,65.82,Boa
2025-09-01 08:21:00.000000,64.72,57.66,Boa
2025-09-01 08:22:00.000000,47.51,38.25,Moderada
2025-09-01 08:23:00.000000,47.35,62.8,Moderada
2025-09-01 08:24:00.000000,59.16,52.94,Boa
2025-09-01 08:25:00.000000,52.07,57.51,Moderada
2025-09-01 08:26:00.000000,46.75,58.96,Moderada
2025-09-01 08:27:00.000000,54.98,67.74,Moderada
2025-09-01 08:28:00.000000,41.97,81.47,Moderada
2025-09-01 08:29:00.000000,39.34,82.3,Moderada
2025-09-01 08:30:00.000000,47.37,55.59,Moderada
2025-09-01 08:31:00.000000,47.21,78.38,Boa
2025-09-01 08:32:00.000000,58.78,56.57,Boa
2025-09-01 08:33:00.000000,55.96,54.99,Boa
2025-09-01 08:34:00.000000,60.96,68.5,Moderada
2025-09-01 08:35:00.000000,40.47,66.66,Moderada
2025-09-01 08:36:00.000000,49.58,56.19,Moderada
2025-09-01 08:37:00.000000,50.75,75.24,Boa
2025-09-01 08:38:00.000000,42.83,81.9,Boa
2025-09-01 08:39:00.000000,43.99,53.3,Moderada
2025-09-01 08:40:00.000000,47.5,61.21,Moderada
2025-09-01 08:41:00.000000,49.29,71.13,Moderada
2025-09-01 08:42:00.000000,62.76,54.5,Boa
2025-09-01 08:43:00.000000,46.05,59.02,Moderada
2025-09-01 08:44:00.000000,52.58,61.76,Moderada
2025-09-01 08:45:00.000000,50.26,60.15,Moderada
2025-09-01 08:46:00.000000,51.17,76.92,Moderada
2025-09-01 08:47:00.000000,37.77,67.96,Moderada
2025-09-01 08:48:00.000000,40.19,75.78,Moderada
2025-09-01 08:49:00.000000,54.87,63.19,Moderada
2025-09-01 08:50:00.000000,60.88,73.46,Moderada
2025-09-01 08:51:00.000000,41.15,48.88,Moderada
2025-09-01 08:52:00.000000,39.63,50.27,Boa
2025-09-01 08:53:00.000000,53.39,56.52,Boa
2025-09-01 08:54:00.000000,38.02,60.02,Boa
2025-09-01 08:55:00.000000,43.29,86.58,Boa
2025-09-01 08:56:00.000000,29.87,61.9,Boa
2025-09-01 08:57:00.000000,51.33,48.4,Moderada
2025-09-01 08:58:00.000000,39.22,66.08,Boa
2025-09-01 08:59:00.000000,47.57,55.26,Moderada
2025-09-01 09:00:00.000000,30.86,60.62,Boa
2025-09-01 09:01:00.000000,45.8,86.02,Moderada
2025-09-01 09:02:00.000000,48.92,75.77,Moderada
2025-09-01 09:03:00.000000,55.87,77.41,Moderada
2025-09-01 09:04:00.000000,40.82,52.34,Moderada
2025-09-01 09:05:00.000000,61.21,70.55,Moderada
2025-09-01 09:06:00.000000,64.71,78.63,Boa
2025-09-01 09:07:00.000000,40.52,52.43,Boa
2025-09-01 09:08:00.000000,58.88,52.94,Moderada
2025-09-01 09:09:00.000000,56.6,64.98,Boa
2025-09-01 09:10:00.000000,48.27,57.06,Boa
2025-09-01 09:11:00.000000,34.3,54.84,Boa
2025-09-01 09:12:00.000000,64.25,77.67,Boa
2025-09-01 09:13:00.000000,55.08,117.03,Moderada
2025-09-01 09:14:00.000000,39.61,59.54,Moderada
2025-09-01 09:15:00.000000,36.91,61.14,Moderada
2025-09-01 09:16:00.000000,50.93,60.3,Boa
2025-09-01 09:17:00.000000,53.06,77.58,Moderada
2025-09-01 09:18:00.000000,45.92,80.87,Moderada
2025-09-01 09:19:00.000000,64.26,50.73,Boa
2025-09-01 09:20:00.000000,66.09,49.53,Moderada
2025-09-01 09:21:00.000000,58.99,54.04,Boa
2025-09-01 09:22:00.000000,61.13,80.22,Moderada
2025-09-01 09:23:00.000000,27.03,78.94,Boa
2025-09-01 09:24:00.000000,33.04,69.98,Boa
2025-09-01 09:25:00.000000,48.23,50.83,Moderada
2025-09-01 09:26:00.000000,54.58,62.64,Boa
2025-09-01 09:27:00.000000,60.57,71.6,Moderada
2025-09-01 09:28:00.000000,52.16,72.07,Moderada
2025-09-01 09:29:00.000000,43.28,53.75,Moderada
2025-09-01 09:30:00.000000,49.7,66.49,Moderada
2025-09-01 09:31:00.000000,53.12,79.45,Boa
2025-09-01 09:32:00.000000,48.73,74.19,Boa
2025-09-01 09:33:00.000000,49.83,53.22,Boa
2025-09-01 09:34:00.000000,46.27,60.8,Boa
2025-09-01 09:35:00.000000,58.91,42.54,Boa
2025-09-01 09:36:00.000000,46.74,74.98,Boa
2025-09-01 09:37:00.000000,44.45,67.68,Boa
2025-09-01 09:38:00.000000,33.45,59.91,Moderada
2025-09-01 09:39:00.000000,49.78,64.71,Boa
2025-09-01 09:40:00.000000,52.95,83.06,Boa
2025-09-01 09:41:00.000000,37.83,36.59,Moderada
2025-09-01 09:42:00.000000,49.67,68.62,Moderada
2025-09-01 09:43:00.000000,50.52,62.37,Moderada
2025-09-01 09:44:00.000000,53.87,26.43,Boa
2025-09-01 09:45:00.000000,53.62,28.15,Moderada
2025-09-01 09:46:00.000000,46.24,56.35,Boa
2025-09-01 09:47:00.000000,34.49,62.51,Boa
2025-09-01 09:48:00.000000,57.12,59.89,Moderada
2025-09-01 09:49:00.000000,56.18,72.95,Boa
2025-09-01 09:50:00.000000,50.35,53.61,Moderada
2025-09-01 09:51:00.000000,69.12,17.02,Moderada
2025-09-01 09:52:00.000000,41.62,75.24,Boa
2025-09-01 09:53:00.000000,52.64,79.66,Boa
2025-09-01 09:54:00.000000,61.77,64.48,Moderada
2025-09-01 09:55:00.000000,46.27,56.64,Boa
2025-09-01 09:56:00.000000,55.36,75.76,Moderada
2025-09-01 09:57:00.000000,37.55,69.29,Boa
2025-09-01 09:58:00.000000,43.56,61.18,Moderada
2025-09-01 09:59:00.000000,37.01,58.24,Boa
2025-09-01 10:00:00.000000,61.28,59.59,Boa
2025-09-01 10:01:00.000000,47.6,43.5,Moderada
2025-09-01 10:02:00.000000,45.34,54.15,Moderada
2025-09-01 10:03:00.000000,44.46,50.32,Moderada
2025-09-01 10:04:00.000000,54.12,58.7,Moderada
2025-09-01 10:05:00.000000,57.22,52.58,Moderada
2025-09-01 10:06:00.000000,44.47,36.7,Moderada
2025-09-01 10:07:00.000000,63.04,51.07,Boa
2025-09-01 10:08:00.000000,40.9,39.62,Boa
2025-09-01 10:09:00.000000,55.1,77.2,Boa
2025-09-01 10:10:00.000000,37.36,71.59,Boa
2025-09-01 10:11:00.000000,74.54,57.89,Boa
2025-09-01 10:12:00.000000,45.41,52.78,Moderada
2025-09-01 10:13:00.000000,35.24,58.87,Moderada
2025-09-01 10:14:00.000000,58.95,75.0,Boa
2025-09-01 10:15:00.000000,39.84,61.42,Boa
2025-09-01 10:16:00.000000,60.13,60.99,Moderada
2025-09-01 10:17:00.000000,62.5,51.24,Moderada
2025-09-01 10:18:00.000000,48.28,76.45,Moderada
2025-09-01 10:19:00.000000,40.27,62.02,Insalubre (grupos sensíveis)
2025-09-01 10:20:00.000000,39.62,77.34,Moderada
2025-09-01 10:21:00.000000,53.56,39.67,Boa
2025-09-01 10:22:00.000000,60.74,63.9,Boa
2025-09-01 10:23:00.000000,49.16,78.13,Moderada
2025-09-01 10:24:00.000000,73.99,71.3,Boa
2025-09-01 10:25:00.000000,52.14,53.16,Boa
2025-09-01 10:26:00.000000,50.8,84.75,Boa
2025-09-01 10:27:00.000000,45.88,63.84,Moderada
2025-09-01 10:28:00.000000,53.77,71.76,Moderada
2025-09-01 10:29:00.000000,34.36,66.34,Moderada
2025-09-01 10:30:00.000000,51.63,34.33,Boa
2025-09-01 10:31:00.000000,71.78,81.4,Boa
2025-09-01 10:32:00.000000,48.9,56.36,Boa
2025-09-01 10:33:00.000000,39.22,62.54,Boa
2025-09-01 10:34:00.000000,23.37,65.6,Moderada
2025-09-01 10:35:00.000000,22.36,54.69,Moderada
2025-09-01 10:36:00.000000,69.2,38.67,Moderada
2025-09-01 10:37:00.000000,66.83,70.07,Moderada
2025-09-01 10:38:00.000000,43.86,61.02,Boa
2025-09-01 10:39:00.000000,53.79,70.37,Boa
2025-09-01 10:40:00.000000,61.52,53.96,Boa
2025-09-01 10:41:00.000000,50.59,56.73,Boa
2025-09-01 10:42:00.000000,70.36,58.99,Moderada
2025-09-01 10:43:00.000000,41.85,64.9,Boa
2025-09-01 10:44:00.000000,48.67,44.43,Moderada
2025-09-01 10:45:00.000000,57.47,34.21,Boa
2025-09-01 10:46:00.000000,43.45,97.16,Moderada
2025-09-01 10:47:00.000000,58.52,47.61,Moderada
2025-09-01 10:48:00.000000,37.69,43.97,Moderada
2025-09-01 10:49:00.000000,39.89,65.55,Moderada
2025-09-01 10:50:00.000000,68.01,85.67,Boa
2025-09-01 10:51:00.000000,48.94,79.51,Moderada
2025-09-01 10:52:00.000000,40.27,41.68,Boa
2025-09-01 10:53:00.000000,27.68,51.88,Boa
2025-09-01 10:54:00.000000,32.85,51.19,Boa
2025-09-01 10:55:00.000000,38.72,74.21,Moderada
2025-09-01 10:56:00.000000,33.71,82.68,Moderada
2025-09-01 10:57:00.000000,57.18,71.87,Moderada
2025-09-01 10:58:00.000000,31.21,78.5,Moderada
2025-09-01 10:59:00.000000,54.54,91.06,Moderada
2025-09-01 11:00:00.000000,60.67,54.49,Moderada
2025-09-01 11:01:00.000000,54.09,53.47,Moderada
2025-09-01 11:02:00.000000,48.48,71.6,Boa
2025-09-01 11:03:00.000000,52.69,76.53,Moderada
2025-09-01 11:04:00.000000,49.56,70.28,Moderada
2025-09-01 11:05:00.000000,31.11,75.43,Moderada
2025-09-01 11:06:00.000000,58.49,65.16,Moderada
2025-09-01 11:07:00.000000,48.7,49.76,Boa
2025-09-01 11:08:00.000000,54.1,34.3,Boa
2025-09-01 11:09:00.000000,67.75,69.52,Moderada
2025-09-01 11:10:00.000000,53.35,62.93,Moderada
2025-09-01 11:11:00.000000,75.0,70.89,Boa
2025-09-01 11:12:00.000000,45.6,61.95,Boa
2025-09-01 11:13:00.000000,42.14,81.37,Moderada
2025-09-01 11:14:00.000000,46.69,80.63,Boa
2025-09-01 11:15:00.000000,51.36,37.4,Boa
2025-09-01 11:16:00.000000,48.75,40.65,Moderada
2025-09-01 11:17:00.000000,65.78,54.38,Moderada
2025-09-01 11:18:00.000000,52.38,58.25,Boa
2025-09-01 11:19:00.000000,46.02,54.69,Moderada
2025-09-01 11:20:00.000000,51.43,73.94,Moderada
2025-09-01 11:21:00.000000,59.33,76.87,Moderada
2025-09-01 11:22:00.000000,39.33,35.14,Moderada
2025-09-01 11:23:00.000000,52.98,74.27,Moderada
2025-09-01 11:24:00.000000,59.91,60.25,Boa
2025-09-01 11:25:00.000000,44.23,54.67,Moderada
2025-09-01 11:26:00.000000,33.49,57.71,Boa
2025-09-01 11:27:00.000000,66.06,63.11,Boa
2025-09-01 11:28:00.000000,41.89,48.25,Boa
2025-09-01 11:29:00.000000,59.14,82.35,Boa
2025-09-01 11:30:00.000000,64.85,57.98,Moderada
2025-09-01 11:31:00.000000,58.09,47.1,Boa
2025-09-01 11:32:00.000000,48.76,62.37,Moderada
2025-09-01 11:33:00.000000,46.62,69.88,Boa
2025-09-01 11:34:00.000000,55.42,66.09,Boa
2025-09-01 11:35:00.000000,30.76,61.1,Moderada
2025-09-01 11:36:00.000000,41.61,54.65,Moderada
2025-09-01 11:37:00.000000,44.59,76.63,Moderada
2025-09-01 11:38:00.000000,59.59,71.86,Moderada
2025-09-01 11:39:00.000000,52.78,50.37,Boa
2025-09-01 11:40:00.000000,43.22,50.34,Moderada
2025-09-01 11:41:00.000000,60.16,64.66,Moderada
2025-09-01 11:42:00.000000,56.54,60.47,Moderada
2025-09-01 11:43:00.000000,54.51,82.62,Boa
2025-09-01 11:44:00.000000,42.03,73.51,Moderada
2025-09-01 11:45:00.000000,64.34,77.56,Moderada
2025-09-01 11:46:00.000000,65.63,57.87,Moderada
2025-09-01 11:47:00.000000,35.81,61.29,Moderada
2025-09-01 11:48:00.000000,66.7,54.12,Boa
2025-09-01 11:49:00.000000,50.25,72.03,Moderada
2025-09-01 11:50:00.000000,59.46,61.93,Boa
2025-09-01 11:51:00.000000,52.95,48.22,Boa
2025-09-01 11:52:00.000000,49.88,73.11,Moderada
2025-09-01 11:53:00.000000,46.92,34.73,Moderada
2025-09-01 11:54:00.000000,50.35,52.09,Boa
2025-09-01 11:55:00.000000,60.73,52.04,Boa
2025-09-01 11:56:00.000000,32.85,45.45,Boa
2025-09-01 11:57:00.000000,38.08,58.49,Moderada
2025-09-01 11:58:00.000000,30.59,76.04,Boa
2025-09-01 11:59:00.000000,40.78,82.89,Boa
2025-09-01 12:00:00.000000,47.56,58.23,Boa
2025-09-01 12:01:00.000000,40.19,56.02,Moderada
2025-09-01 12:02:00.000000,56.95,48.95,Boa
2025-09-01 12:03:00.000000,54.59,56.41,Boa
2025-09-01 12:04:00.000000,51.46,57.98,Moderada
2025-09-01 12:05:00.000000,56.84,82.31,Boa
2025-09-01 12:06:00.000000,71.13,37.4,Boa
2025-09-01 12:07:00.000000,56.27,58.21,Moderada
2025-09-01 12:08:00.000000,33.68,52.74,Insalubre (grupos sensíveis)
2025-09-01 12:09:00.000000,49.52,66.63,Boa
2025-09-01 12:10:00.000000,51.72,40.08,Boa
2025-09-01 12:11:00.000000,44.95,38.18,Moderada
2025-09-01 12:12:00.000000,45.01,65.55,Moderada
2025-09-01 12:13:00.000000,61.45,69.96,Boa
2025-09-01 12:14:00.000000,53.26,52.21,Moderada
2025-09-01 12:15:00.000000,43.86,86.85,Moderada
2025-09-01 12:16:00.000000,33.32,49.29,Moderada
2025-09-01 12:17:00.000000,49.29,71.98,Moderada
2025-09-01 12:18:00.000000,50.0,84.74,Boa
2025-09-01 12:19:00.000000,44.62,56.38,Boa
2025-09-01 12:20:00.000000,29.11,76.75,Boa
2025-09-01 12:21:00.000000,52.53,56.34,Boa
2025-09-01 12:22:00.000000,69.22,66.14,Moderada
2025-09-01 12:23:00.000000,57.28,69.41,Boa
2025-09-01 12:24:00.000000,49.02,46.15,Moderada
2025-09-01 12:25:00.000000,62.47,54.06,Moderada
2025-09-01 12:26:00.000000,52.32,55.46,Moderada
2025-09-01 12:27:00.000000,44.35,56.15,Moderada
2025-09-01 12:28:00.000000,61.05,41.32,Boa
2025-09-01 12:29:00.000000,57.08,74.27,Moderada
2025-09-01 12:30:00.000000,45.34,53.99,Boa
2025-09-01 12:31:00.000000,40.18,71.06,Moderada
2025-09-01 12:32:00.000000,64.4,40.48,Boa
2025-09-01 12:33:00.000000,40.71,58.4,Moderada
2025-09-01 12:34:00.000000,62.97,77.21,Moderada
2025-09-01 12:35:00.000000,58.02,82.16,Moderada
2025-09-01 12:36:00.000000,34.8,48.92,Boa
2025-09-01 12:37:00.000000,70.12,51.26,Boa
2025-09-01 12:38:00.000000,48.7,25.79,Moderada
2025-09-01 12:39:00.000000,43.07,83.25,Moderada
2025-09-01 12:40:00.000000,53.43,70.24,Moderada
2025-09-01 12:41:00.000000,45.19,46.55,Boa
2025-09-01 12:42:00.000000,59.29,68.65,Moderada
2025-09-01 12:43:00.000000,40.31,83.1,Moderada
2025-09-01 12:44:00.000000,36.06,46.59,Boa
2025-09-01 12:45:00.000000,54.19,81.7,Moderada
2025-09-01 12:46:00.000000,36.53,63.15,Moderada
2025-09-01 12:47:00.000000,57.8,77.57,Boa
2025-09-01 12:48:00.000000,52.55,81.59,Moderada
2025-09-01 12:49:00.000000,52.59,57.41,Moderada
2025-09-01 12:50:00.000000,68.37,56.92,Boa
2025-09-01 12:51:00.000000,48.64,56.25,Moderada
2025-09-01 12:52:00.000000,54.77,65.84,Moderada
2025-09-01 12:53:00.000000,42.98,65.72,Boa
2025-09-01 12:54:00.000000,50.95,42.09,Boa
2025-09-01 12:55:00.000000,37.31,69.49,Moderada
2025-09-01 12:56:00.000000,58.36,53.46,Moderada
2025-09-01 12:57:00.000000,43.03,74.18,Boa
2025-09-01 12:58:00.000000,42.79,81.76,Boa
2025-09-01 12:59:00.000000,47.83,41.94,Moderada
2025-09-01 13:00:00.000000,49.46,59.52,Moderada
2025-09-01 13:01:00.000000,53.1,66.35,Boa
2025-09-01 13:02:00.000000,44.08,89.37,Moderada
2025-09-01 13:03:00.000000,59.5,68.48,Boa
2025-09-01 13:04:00.000000,61.27,38.14,Moderada
2025-09-01 13:05:00.000000,40.4,68.56,Boa
2025-09-01 13:06:00.000000,58.0,65.39,Moderada
2025-09-01 13:07:00.000000,51.85,51.94,Moderada
2025-09-01 13:08:00.000000,56.14,67.54,Moderada
2025-09-01 13:09:00.000000,55.1,69.42,Moderada
2025-09-01 13:10:00.000000,59.67,70.77,Moderada
2025-09-01 13:11:00.000000,57.01,57.4,Moderada
2025-09-01 13:12:00.000000,52.71,66.0,Moderada
2025-09-01 13:13:00.000000,33.44,66.16,Moderada
2025-09-01 13:14:00.000000,27.4,66.31,Moderada
2025-09-01 13:15:00.000000,27.0,47.09,Boa
2025-09-01 13:16:00.000000,46.49,73.06,Moderada
2025-09-01 13:17:00.000000,62.02,63.64,Boa
2025-09-01 13:18:00.000000,53.38,67.8,Moderada
2025-09-01 13:19:00.000000,61.11,54.08,Boa
2025-09-01 13:20:00.000000,59.26,67.63,Moderada
2025-09-01 13:21:00.000000,56.92,68.67,Moderada
2025-09-01 13:22:00.000000,47.48,65.56,Moderada
2025-09-01 13:23:00.000000,47.44,42.07,Moderada
2025-09-01 13:24:00.000000,38.82,60.12,Moderada
2025-09-01 13:25:00.000000,52.27,50.96,Moderada
2025-09-01 13:26:00.000000,44.65,30.58,Boa
2025-09-01 13:27:00.000000,47.13,62.19,Moderada
2025-09-01 13:28:00.000000,50.34,61.35,Boa
2025-09-01 13:29:00.000000,47.95,65.28,Boa
2025-09-01 13:30:00.000000,45.71,56.4,Moderada
2025-09-01 13:31:00.000000,64.99,55.05,Moderada
2025-09-01 13:32:00.000000,40.32,56.72,Boa
2025-09-01 13:33:00.000000,54.08,86.01,Boa
2025-09-01 13:34:00.000000,41.96,83.33,Moderada
2025-09-01 13:35:00.000000,54.9,60.28,Boa
2025-09-01 13:36:00.000000,56.86,66.72,Boa
2025-09-01 13:37:00.000000,52.35,71.3,Moderada
2025-09-01 13:38:00.000000,47.63,39.01,Moderada
2025-09-01 13:39:00.000000,45.92,69.0,Moderada
2025-09-01 13:40:00.000000,44.52,60.15,Boa
2025-09-01 13:41:00.000000,43.99,59.13,Moderada
2025-09-01 13:42:00.000000,53.86,61.14,Moderada
2025-09-01 13:43:00.000000,64.08,69.01,Moderada
2025-09-01 13:44:00.000000,49.65,56.45,Moderada
2025-09-01 13:45:00.000000,59.28,50.34,Boa
2025-09-01 13:46:00.000000,63.84,55.41,Boa
2025-09-01 13:47:00.000000,41.4,40.34,Moderada
2025-09-01 13:48:00.000000,59.4,52.02,Boa
2025-09-01 13:49:00.000000,25.17,88.81,Moderada
2025-09-01 13:50:00.000000,56.65,77.64,Moderada
2025-09-01 13:51:00.000000,63.46,64.59,Moderada
2025-09-01 13:52:00.000000,58.39,47.52,Boa
2025-09-01 13:53:00.000000,51.72,57.47,Moderada
2025-09-01 13:54:00.000000,51.19,57.07,Moderada
2025-09-01 13:55:00.000000,50.72,53.61,Moderada
2025-09-01 13:56:00.000000,51.33,50.0,Moderada
2025-09-01 13:57:00.000000,49.19,61.29,Moderada
2025-09-01 13:58:00.000000,34.29,74.2,Boa
2025-09-01 13:59:00.000000,43.37,61.15,Boa
2025-09-01 14:00:00.000000,57.85,34.41,Moderada
2025-09-01 14:01:00.000000,51.56,61.47,Moderada
2025-09-01 14:02:00.000000,56.27,34.62,Moderada
2025-09-01 14:03:00.000000,57.46,67.58,Boa
2025-09-01 14:04:00.000000,54.27,72.83,Moderada
2025-09-01 14:05:00.000000,48.39,36.59,Moderada
2025-09-01 14:06:00.000000,65.5,58.44,Boa
2025-09-01 14:07:00.000000,66.44,74.24,Boa
2025-09-01 14:08:00.000000,46.79,73.57,Moderada
2025-09-01 14:09:00.000000,47.13,40.96,Moderada
2025-09-01 14:10:00.000000,55.59,45.17,Moderada
2025-09-01 14:11:00.000000,59.4,58.44,Moderada
2025-09-01 14:12:00.000000,42.54,53.79,Moderada
2025-09-01 14:13:00.000000,49.07,65.27,Moderada
2025-09-01 14:14:00.000000,65.05,70.07,Moderada
2025-09-01 14:15:00.000000,63.11,68.66,Moderada
2025-09-01 14:16:00.000000,56.76,50.79,Moderada
2025-09-01 14:17:00.000000,47.54,68.71,Boa
2025-09-01 14:18:00.000000,22.65,61.57,Moderada
2025-09-01 14:19:00.000000,54.15,51.57,Boa
2025-09-01 14:20:00.000000,57.87,83.14,Moderada
2025-09-01 14:21:00.000000,55.73,61.34,Moderada
2025-09-01 14:22:00.000000,44.36,40.41,Boa
2025-09-01 14:23:00.000000,52.43,61.22,Boa
2025-09-01 14:24:00.000000,61.08,70.18,Boa
2025-09-01 14:25:00.000000,42.33,57.47,Boa
2025-09-01 14:26:00.000000,64.13,73.09,Moderada
2025-09-01 14:27:00.000000,46.99,41.58,Moderada
2025-09-01 14:28:00.000000,34.66,59.07,Moderada
2025-09-01 14:29:00.000000,52.93,77.31,Boa
2025-09-01 14:30:00.000000,71.86,55.86,Boa
2025-09-01 14:31:00.000000,47.47,59.19,Moderada
2025-09-01 14:32:00.000000,45.41,52.15,Boa
2025-09-01 14:33:00.000000,42.18,54.38,Moderada
2025-09-01 14:34:00.000000,56.1,47.28,Moderada
2025-09-01 14:35:00.000000,47.03,41.8,Moderada
2025-09-01 14:36:00.000000,61.09,79.0,Moderada
2025-09-01 14:37:00.000000,52.71,42.01,Moderada
2025-09-01 14:38:00.000000,59.04,50.45,Moderada
2025-09-01 14:39:00.000000,38.64,49.31,Boa
2025-09-01 14:40:00.000000,64.25,59.74,Boa
2025-09-01 14:41:00.000000,38.48,73.51,Moderada
2025-09-01 14:42:00.000000,48.54,70.09,Moderada
2025-09-01 14:43:00.000000,55.32,50.9,Boa
2025-09-01 14:44:00.000000,52.43,63.21,Moderada
2025-09-01 14:45:00.000000,42.06,61.39,Boa
2025-09-01 14:46:00.000000,49.83,48.42,Moderada
2025-09-01 14:47:00.000000,52.9,45.28,Moderada
2025-09-01 14:48:00.000000,63.19,51.38,Boa
2025-09-01 14:49:00.000000,44.45,36.69,Boa
2025-09-01 14:50:00.000000,52.53,51.87,Boa
2025-09-01 14:51:00.000000,59.63,77.06,Boa
2025-09-01 14:52:00.000000,50.76,58.66,Boa
2025-09-01 14:53:00.000000,55.04,66.35,Moderada
2025-09-01 14:54:00.000000,49.33,48.66,Moderada
2025-09-01 14:55:00.000000,55.74,75.09,Boa
2025-09-01 14:56:00.000000,45.9,46.22,Moderada
2025-09-01 14:57:00.000000,47.59,68.18,Moderada
2025-09-01 14:58:00.000000,37.49,51.76,Moderada
2025-09-01 14:59:00.000000,50.87,60.3,Moderada
2025-09-01 15:00:00.000000,40.11,46.65,Moderada
2025-09-01 15:01:00.000000,37.84,78.6,Boa
2025-09-01 15:02:00.000000,53.43,55.79,Boa
2025-09-01 15:03:00.000000,57.29,32.04,Boa
2025-09-01 15:04:00.000000,22.35,62.51,Boa
2025-09-01 15:05:00.000000,59.25,58.55,Boa
2025-09-01 15:06:00.000000,46.1,35.14,Moderada
2025-09-01 15:07:00.000000,55.22,44.59,Moderada
2025-09-01 15:08:00.000000,39.74,94.2,Boa
2025-09-01 15:09:00.000000,54.43,76.34,Moderada
2025-09-01 15:10:00.000000,25.0,69.15,Boa
2025-09-01 15:11:00.000000,42.06,50.36,Moderada
2025-09-01 15:12:00.000000,69.56,59.74,Boa
2025-09-01 15:13:00.000000,61.16,61.75,Boa
2025-09-01 15:14:00.000000,44.53,51.24,Moderada
2025-09-01 15:15:00.000000,31.31,78.29,Moderada
2025-09-01 15:16:00.000000,49.7,65.09,Boa
2025-09-01 15:17:00.000000,48.34,61.2,Boa
2025-09-01 15:18:00.000000,65.8,56.87,Boa
2025-09-01 15:19:00.000000,69.1,37.31,Moderada
2025-09-01 15:20:00.000000,46.53,81.77,Boa
2025-09-01 15:21:00.000000,55.49,86.61,Moderada
2025-09-01 15:22:00.000000,58.83,56.59,Moderada
2025-09-01 15:23:00.000000,62.34,57.13,Moderada
2025-09-01 15:24:00.000000,49.1,32.19,Boa
2025-09-01 15:25:00.000000,52.99,71.62,Boa
2025-09-01 15:26:00.000000,53.76,61.22,Moderada
2025-09-01 15:27:00.000000,53.42,63.1,Boa
2025-09-01 15:28:00.000000,62.83,57.25,Moderada
2025-09-01 15:29:00.000000,40.93,66.98,Moderada
2025-09-01 15:30:00.000000,28.23,64.6,Moderada
2025-09-01 15:31:00.000000,62.6,45.98,Moderada
2025-09-01 15:32:00.000000,47.41,78.33,Moderada
2025-09-01 15:33:00.000000,63.12,84.22,Moderada
2025-09-01 15:34:00.000000,54.96,63.59,Moderada
2025-09-01 15:35:00.000000,53.86,69.27,Moderada
2025-09-01 15:36:00.000000,44.34,54.45,Moderada
2025-09-01 15:37:00.000000,52.4,49.85,Boa
2025-09-01 15:38:00.000000,47.66,68.76,Moderada
2025-09-01 15:39:00.000000,57.32,61.81,Moderada
2025-09-01 15:40:00.000000,37.82,53.31,Moderada
2025-09-01 15:41:00.000000,40.31,84.83,Boa
2025-09-01 15:42:00.000000,41.25,47.97,Boa
2025-09-01 15:43:00.000000,53.11,66.23,Boa
2025-09-01 15:44:00.000000,57.98,82.29,Boa
2025-09-01 15:45:00.000000,69.1,71.93,Boa
2025-09-01 15:46:00.000000,51.5,63.9,Moderada
2025-09-01 15:47:00.000000,46.63,37.94,Moderada
2025-09-01 15:48:00.000000,49.65,52.22,Moderada
2025-09-01 15:49:00.000000,38.02,71.73,Boa
2025-09-01 15:50:00.000000,36.96,67.26,Moderada
2025-09-01 15:51:00.000000,31.76,74.74,Boa
2025-09-01 15:52:00.000000,50.56,70.99,Moderada
2025-09-01 15:53:00.000000,47.27,71.32,Moderada
2025-09-01 15:54:00.000000,60.82,41.44,Moderada
2025-09-01 15:55:00.000000,54.86,58.92,Moderada
2025-09-01 15:56:00.000000,33.51,69.77,Moderada
2025-09-01 15:57:00.000000,52.44,55.07,Boa
2025-09-01 15:58:00.000000,29.63,68.06,Moderada
2025-09-01 15:59:00.000000,43.44,56.6,Insalubre (grupos sensíveis)
2025-09-01 16:00:00.000000,34.61,58.48,Moderada
2025-09-01 16:01:00.000000,58.12,54.48,Moderada
2025-09-01 16:02:00.000000,56.02,48.99,Moderada
2025-09-01 16:03:00.000000,40.52,57.29,Moderada
2025-09-01 16:04:00.000000,40.28,80.0,Moderada
2025-09-01 16:05:00.000000,69.53,42.38,Boa
2025-09-01 16:06:00.000000,60.71,57.81,Boa
2025-09-01 16:07:00.000000,44.44,71.59,Moderada
2025-09-01 16:08:00.000000,43.76,63.32,Boa
2025-09-01 16:09:00.000000,64.6,95.41,Moderada
2025-09-01 16:10:00.000000,52.12,69.8,Moderada
2025-09-01 16:11:00.000000,49.26,81.94,Moderada
2025-09-01 16:12:00.000000,41.32,58.65,Moderada
2025-09-01 16:13:00.000000,38.17,56.99,Moderada
2025-09-01 16:14:00.000000,59.84,48.01,Boa
2025-09-01 16:15:00.000000,65.86,66.9,Moderada
2025-09-01 16:16:00.000000,57.43,92.07,Boa
2025-09-01 16:17:00.000000,34.65,60.37,Boa
2025-09-01 16:18:00.000000,59.92,60.78,Boa
2025-09-01 16:19:00.000000,46.81,40.13,Boa
2025-09-01 08:00:00.000000,56.89,48.79,Moderada
2025-09-01 08:01:00.000000,98.58,52.11,Moderada
2025-09-01 08:02:00.000000,74.03,40.3,Boa
2025-09-01 08:03:00.000000,66.02,59.98,Boa
2025-09-01 08:04:00.000000,79.3,41.76,Boa
2025-09-01 08:05:00.000000,36.06,50.51,Boa
2025-09-01 08:06:00.000000,60.47,33.76,Moderada
2025-09-01 08:07:00.000000,55.42,51.77,Moderada
2025-09-01 08:08:00.000000,72.9,42.78,Boa
2025-09-01 08:09:00.000000,76.22,45.53,Moderada
2025-09-01 08:10:00.000000,80.77,31.0,Boa
2025-09-01 08:11:00.000000,89.23,38.8,Moderada
2025-09-01 08:12:00.000000,75.54,53.31,Moderada
2025-09-01 08:13:00.000000,83.8,41.76,Moderada
2025-09-01 08:14:00.000000,31.26,22.58,Moderada
2025-09-01 08:15:00.000000,65.41,25.66,Moderada
2025-09-01 08:16:00.000000,67.92,43.27,Moderada
2025-09-01 08:17:00.000000,66.17,41.14,Boa
2025-09-01 08:18:00.000000,43.82,45.43,Moderada
2025-09-01 08:19:00.000000,66.17,28.76,Moderada
2025-09-01 08:20:00.000000,54.11,41.35,Boa
2025-09-01 08:21:00.000000,49.62,25.11,Boa
2025-09-01 08:22:00.000000,65.37,48.46,Moderada
2025-09-01 08:23:00.000000,56.67,33.42,Boa
2025-09-01 08:24:00.000000,54.89,42.19,Moderada
2025-09-01 08:25:00.000000,36.4,28.79,Boa
2025-09-01 08:26:00.000000,79.7,26.98,Moderada
2025-09-01 08:27:00.000000,68.91,42.83,Boa
2025-09-01 08:28:00.000000,60.59,48.8,Moderada
2025-09-01 08:29:00.000000,68.02,38.5,Moderada
2025-09-01 08:30:00.000000,84.3,39.17,Moderada
2025-09-01 08:31:00.000000,58.47,25.63,Boa
2025-09-01 08:32:00.000000,61.45,29.94,Boa
2025-09-01 08:33:00.000000,78.01,45.47,Moderada
2025-09-01 08:34:00.000000,72.23,50.36,Boa
2025-09-01 08:35:00.000000,51.4,35.16,Moderada
2025-09-01 08:36:00.000000,66.68,40.37,Boa
2025-09-01 08:37:00.000000,93.26,53.37,Moderada
2025-09-01 08:38:00.000000,87.59,32.71,Boa
2025-09-01 08:39:00.000000,110.77,34.41,Boa
2025-09-01 08:40:00.000000,68.58,37.55,Boa
2025-09-01 08:41:00.000000,65.41,36.41,Boa
2025-09-01 08:42:00.000000,105.41,40.67,Moderada
2025-09-01 08:43:00.000000,57.67,43.48,Boa
2025-09-01 08:44:00.000000,93.13,54.06,Boa
2025-09-01 08:45:00.000000,65.52,33.1,Boa
2025-09-01 08:46:00.000000,86.35,40.01,Moderada
2025-09-01 08:47:00.000000,87.02,49.96,Boa
2025-09-01 08:48:00.000000,60.26,31.73,Moderada
2025-09-01 08:49:00.000000,98.04,41.27,Moderada
2025-09-01 08:50:00.000000,68.92,39.91,Moderada
2025-09-01 08:51:00.000000,71.38,42.39,Moderada
2025-09-01 08:52:00.000000,73.23,34.5,Moderada
2025-09-01 08:53:00.000000,35.03,33.05,Moderada
2025-09-01 08:54:00.000000,60.04,40.54,Moderada
2025-09-01 08:55:00.000000,50.51,42.01,Moderada
2025-09-01 08:56:00.000000,61.43,28.09,Boa
2025-09-01 08:57:00.000000,64.87,38.93,Boa
2025-09-01 08:58:00.000000,84.09,31.58,Boa
2025-09-01 08:59:00.000000,76.94,53.92,Boa
2025-09-01 09:00:00.000000,107.02,49.32,Boa
2025-09-01 09:01:00.000000,72.94,42.47,Moderada
2025-09-01 09:02:00.000000,65.93,36.59,Moderada
2025-09-01 09:03:00.000000,101.52,32.02,Boa
2025-09-01 09:04:00.000000,72.92,34.81,Moderada
2025-09-01 09:05:00.000000,65.94,41.39,Moderada
2025-09-01 09:06:00.000000,53.9,33.13,Moderada
2025-09-01 09:07:00.000000,69.59,38.41,Boa
2025-09-01 09:08:00.000000,73.47,57.04,Moderada
2025-09-01 09:09:00.000000,85.26,37.37,Moderada
2025-09-01 09:10:00.000000,60.85,44.07,Boa
2025-09-01 09:11:00.000000,65.82,34.23,Boa
2025-09-01 09:12:00.000000,51.42,42.03,Boa
2025-09-01 09:13:00.000000,71.52,39.25,Boa
2025-09-01 09:14:00.000000,87.11,40.1,Moderada
2025-09-01 09:15:00.000000,75.0,37.65,Boa
2025-09-01 09:16:00.000000,52.79,29.1,Moderada
2025-09-01 09:17:00.000000,106.58,41.91,Moderada
2025-09-01 09:18:00.000000,72.1,43.01,Boa
2025-09-01 09:19:00.000000,71.15,33.99,Moderada
2025-09-01 09:20:00.000000,67.82,35.44,Boa
2025-09-01 09:21:00.000000,103.46,35.5,Boa
2025-09-01 09:22:00.000000,74.55,29.56,Boa
2025-09-01 09:23:00.000000,67.52,47.99,Boa
2025-09-01 09:24:00.000000,81.37,28.25,Moderada
2025-09-01 09:25:00.000000,69.67,27.66,Moderada
2025-09-01 09:26:00.000000,57.17,24.04,Boa
2025-09-01 09:27:00.000000,54.49,49.73,Boa
2025-09-01 09:28:00.000000,46.37,54.45,Moderada
2025-09-01 09:29:00.000000,66.14,41.54,Moderada
2025-09-01 09:30:00.000000,93.36,39.9,Boa
2025-09-01 09:31:00.000000,61.94,28.57,Moderada
2025-09-01 09:32:00.000000,66.74,35.71,Moderada
2025-09-01 09:33:00.000000,65.23,43.13,Boa
2025-09-01 09:34:00.000000,65.75,41.78,Boa
2025-09-01 09:35:00.000000,73.66,51.47,Boa
2025-09-01 09:36:00.000000,80.98,50.33,Boa
2025-09-01 09:37:00.000000,56.83,34.08,Moderada
2025-09-01 09:38:00.000000,61.7,44.75,Boa
2025-09-01 09:39:00.000000,59.25,46.66,Boa
2025-09-01 09:40:00.000000,70.35,30.08,Moderada
2025-09-01 09:41:00.000000,53.21,59.85,Boa
2025-09-01 09:42:00.000000,60.71,17.62,Moderada
2025-09-01 09:43:00.000000,56.69,39.76,Boa
2025-09-01 09:44:00.000000,60.03,33.32,Boa
2025-09-01 09:45:00.000000,70.65,37.01,Moderada
2025-09-01 09:46:00.000000,85.01,31.25,Moderada
2025-09-01 09:47:00.000000,78.21,23.1,Moderada
2025-09-01 09:48:00.000000,55.95,31.23,Boa
2025-09-01 09:49:00.000000,80.82,28.9,Moderada
2025-09-01 09:50:00.000000,88.41,44.28,Boa
2025-09-01 09:51:00.000000,82.4,35.3,Moderada
2025-09-01 09:52:00.000000,49.59,36.78,Boa
2025-09-01 09:53:00.000000,73.92,39.99,Moderada
2025-09-01 09:54:00.000000,53.48,35.43,Boa
2025-09-01 09:55:00.000000,84.4,43.27,Boa
2025-09-01 09:56:00.000000,81.62,42.45,Moderada
2025-09-01 09:57:00.000000,45.59,37.49,Moderada
2025-09-01 09:58:00.000000,59.82,41.72,Boa
2025-09-01 09:59:00.000000,86.96,43.47,Moderada
2025-09-01 10:00:00.000000,92.47,29.5,Boa
2025-09-01 10:01:00.000000,59.71,35.58,Moderada
2025-09-01 10:02:00.000000,45.02,37.49,Moderada
2025-09-01 10:03:00.000000,66.45,39.76,Boa
2025-09-01 10:04:00.000000,52.75,48.5,Moderada
2025-09-01 10:05:00.000000,90.96,30.64,Boa
2025-09-01 10:06:00.000000,51.87,51.84,Moderada
2025-09-01 10:07:00.000000,90.71,32.81,Moderada
2025-09-01 10:08:00.000000,87.81,48.22,Boa
2025-09-01 10:09:00.000000,42.89,50.55,Boa
2025-09-01 10:10:00.000000,85.99,13.63,Moderada
2025-09-01 10:11:00.000000,74.17,47.5,Insalubre (grupos sensíveis)
2025-09-01 10:12:00.000000,55.24,42.9,Boa
2025-09-01 10:13:00.000000,57.72,28.25,Boa
2025-09-01 10:14:00.000000,30.84,38.7,Boa
2025-09-01 10:15:00.000000,57.38,42.72,Boa
2025-09-01 10:16:00.000000,71.98,38.17,Moderada
2025-09-01 10:17:00.000000,69.69,38.64,Boa
2025-09-01 10:18:00.000000,74.18,46.14,Moderada
2025-09-01 10:19:00.000000,74.63,44.65,Moderada
2025-09-01 10:20:00.000000,83.7,49.48,Boa
2025-09-01 10:21:00.000000,68.32,45.57,Moderada
2025-09-01 10:22:00.000000,68.8,45.6,Moderada
2025-09-01 10:23:00.000000,66.83,42.86,Moderada
2025-09-01 10:24:00.000000,48.17,35.71,Boa
2025-09-01 10:25:00.000000,76.84,34.02,Boa
2025-09-01 10:26:00.000000,72.74,34.31,Moderada
2025-09-01 10:27:00.000000,88.43,37.02,Boa
2025-09-01 10:28:00.000000,66.17,44.14,Moderada
2025-09-01 10:29:00.000000,63.73,48.14,Boa
2025-09-01 10:30:00.000000,89.61,39.44,Moderada
2025-09-01 10:31:00.000000,87.27,44.12,Moderada
2025-09-01 10:32:00.000000,60.27,33.65,Moderada
2025-09-01 10:33:00.000000,57.67,34.2,Boa
2025-09-01 10:34:00.000000,51.36,39.27,Moderada
2025-09-01 10:35:00.000000,61.06,29.09,Moderada
2025-09-01 10:36:00.000000,58.37,31.33,Boa
2025-09-01 10:37:00.000000,76.01,43.56,Moderada
2025-09-01 10:38:00.000000,69.64,32.8,Moderada
2025-09-01 10:39:00.000000,83.01,28.08,Boa
2025-09-01 10:40:00.000000,75.3,23.12,Boa
2025-09-01 10:41:00.000000,71.65,43.06,Boa
2025-09-01 10:42:00.000000,47.09,26.83,Boa
2025-09-01 10:43:00.000000,62.53,39.82,Boa
2025-09-01 10:44:00.000000,56.97,39.05,Moderada
2025-09-01 10:45:00.000000,61.9,66.67,Boa
2025-09-01 10:46:00.000000,61.02,34.48,Boa
2025-09-01 10:47:00.000000,82.7,30.6,Moderada
2025-09-01 10:48:00.000000,62.02,43.78,Boa
2025-09-01 10:49:00.000000,77.5,42.27,Boa
2025-09-01 10:50:00.000000,81.12,44.19,Moderada
2025-09-01 10:51:00.000000,79.05,39.67,Moderada
2025-09-01 10:52:00.000000,80.98,34.29,Boa
2025-09-01 10:53:00.000000,81.59,37.62,Boa
2025-09-01 10:54:00.000000,65.15,52.47,Moderada
2025-09-01 10:55:00.000000,44.51,53.54,Moderada
2025-09-01 10:56:00.000000,69.05,45.36,Moderada
2025-09-01 10:57:00.000000,56.93,54.48,Moderada
2025-09-01 10:58:00.000000,60.39,47.11,Moderada
2025-09-01 10:59:00.000000,59.84,47.44,Boa
2025-09-01 11:00:00.000000,62.37,42.05,Moderada
2025-09-01 11:01:00.000000,59.16,37.79,Moderada
2025-09-01 11:02:00.000000,80.41,41.35,Moderada
2025-09-01 11:03:00.000000,58.11,50.49,Boa
2025-09-01 11:04:00.000000,52.94,36.93,Boa
2025-09-01 11:05:00.000000,79.67,37.77,Boa
2025-09-01 11:06:00.000000,58.07,49.29,Moderada
2025-09-01 11:07:00.000000,85.77,36.06,Moderada
2025-09-01 11:08:00.000000,63.79,27.48,Moderada
2025-09-01 11:09:00.000000,90.76,38.47,Boa
2025-09-01 11:10:00.000000,57.22,33.37,Moderada
2025-09-01 11:11:00.000000,71.57,49.92,Boa
2025-09-01 11:12:00.000000,44.87,34.42,Moderada
2025-09-01 11:13:00.000000,61.63,32.89,Boa
2025-09-01 11:14:00.000000,75.95,33.25,Boa
2025-09-01 11:15:00.000000,70.86,25.81,Boa
2025-09-01 11:16:00.000000,86.6,35.56,Boa
2025-09-01 11:17:00.000000,78.33,33.85,Boa
2025-09-01 11:18:00.000000,87.04,39.09,Boa
2025-09-01 11:19:00.000000,68.56,41.61,Boa
2025-09-01 11:20:00.000000,97.21,34.69,Moderada
2025-09-01 11:21:00.000000,88.8,35.08,Boa
2025-09-01 11:22:00.000000,70.33,42.6,Boa
2025-09-01 11:23:00.000000,85.98,27.98,Moderada
2025-09-01 11:24:00.000000,76.84,45.79,Moderada
2025-09-01 11:25:00.000000,62.33,22.82,Boa
2025-09-01 11:26:00.000000,56.37,31.68,Boa
2025-09-01 11:27:00.000000,84.73,47.84,Moderada
2025-09-01 11:28:00.000000,55.4,45.5,Moderada
2025-09-01 11:29:00.000000,80.67,47.14,Moderada
2025-09-01 11:30:00.000000,89.67,37.91,Moderada
2025-09-01 11:31:00.000000,72.41,38.44,Moderada
2025-09-01 11:32:00.000000,48.86,43.49,Boa
2025-09-01 11:33:00.000000,54.0,48.82,Moderada
2025-09-01 11:34:00.000000,57.23,50.98,Boa
2025-09-01 11:35:00.000000,75.35,45.44,Boa
2025-09-01 11:36:00.000000,64.56,11.41,Boa
2025-09-01 11:37:00.000000,84.14,43.38,Moderada
2025-09-01 11:38:00.000000,69.46,39.2,Boa
2025-09-01 11:39:00.000000,58.4,28.79,Boa
2025-09-01 11:40:00.000000,73.46,32.79,Moderada
2025-09-01 11:41:00.000000,85.27,33.1,Moderada
2025-09-01 11:42:00.000000,56.65,43.67,Boa
2025-09-01 11:43:00.000000,84.25,44.71,Boa
2025-09-01 11:44:00.000000,53.83,40.42,Boa
2025-09-01 11:45:00.000000,85.81,42.65,Moderada
2025-09-01 11:46:00.000000,84.17,45.21,Moderada
2025-09-01 11:47:00.000000,71.28,29.54,Moderada
2025-09-01 11:48:00.000000,67.46,54.27,Boa
2025-09-01 11:49:00.000000,73.84,26.8,Boa
2025-09-01 11:50:00.000000,75.89,35.15,Moderada
2025-09-01 11:51:00.000000,70.07,42.89,Boa
2025-09-01 11:52:00.000000,66.25,41.66,Moderada
2025-09-01 11:53:00.000000,80.12,39.45,Moderada
2025-09-01 11:54:00.000000,51.07,25.69,Moderada
2025-09-01 11:55:00.000000,71.33,41.39,Moderada
2025-09-01 11:56:00.000000,78.01,46.06,Moderada
2025-09-01 11:57:00.000000,101.95,53.25,Moderada
2025-09-01 11:58:00.000000,62.84,50.6,Boa
2025-09-01 11:59:00.000000,64.17,20.48,Boa
2025-09-01 12:00:00.000000,75.67,32.53,Moderada
2025-09-01 12:01:00.000000,63.54,22.42,Moderada
2025-09-01 12:02:00.000000,62.79,44.85,Boa
2025-09-01 12:03:00.000000,64.48,25.55,Boa
2025-09-01 12:04:00.000000,66.91,51.33,Moderada
2025-09-01 12:05:00.000000,50.81,36.13,Moderada
2025-09-01 12:06:00.000000,76.84,25.17,Moderada
2025-09-01 12:07:00.000000,37.0,31.55,Moderada
2025-09-01 12:08:00.000000,50.36,45.77,Boa
2025-09-01 12:09:00.000000,72.85,47.45,Boa
2025-09-01 12:10:00.000000,73.8,47.4,Boa
2025-09-01 12:11:00.000000,68.41,50.97,Boa
2025-09-01 12:12:00.000000,87.64,52.63,Boa
2025-09-01 12:13:00.000000,82.63,44.38,Moderada
2025-09-01 12:14:00.000000,61.92,30.91,Moderada
2025-09-01 12:15:00.000000,64.15,37.8,Moderada
2025-09-01 12:16:00.000000,59.87,25.65,Boa
2025-09-01 12:17:00.000000,75.67,28.26,Moderada
2025-09-01 12:18:00.000000,76.57,53.3,Moderada
2025-09-01 12:19:00.000000,66.43,28.12,Moderada
2025-09-01 12:20:00.000000,74.62,42.09,Moderada
2025-09-01 12:21:00.000000,71.85,47.58,Moderada
2025-09-01 12:22:00.000000,43.88,55.0,Moderada
2025-09-01 12:23:00.000000,51.51,36.28,Moderada
2025-09-01 12:24:00.000000,58.16,29.01,Moderada
2025-09-01 12:25:00.000000,90.44,30.08,Boa
2025-09-01 12:26:00.000000,75.54,57.13,Moderada
2025-09-01 12:27:00.000000,63.5,48.8,Boa
2025-09-01 12:28:00.000000,79.25,53.24,Boa
2025-09-01 12:29:00.000000,81.63,15.51,Moderada
2025-09-01 12:30:00.000000,68.78,25.96,Moderada
2025-09-01 12:31:00.000000,62.67,36.47,Moderada
2025-09-01 12:32:00.000000,87.13,24.6,Moderada
2025-09-01 12:33:00.000000,67.85,48.32,Moderada
2025-09-01 12:34:00.000000,60.55,30.37,Moderada
2025-09-01 12:35:00.000000,76.12,42.44,Boa
2025-09-01 12:36:00.000000,81.53,53.64,Boa
2025-09-01 12:37:00.000000,83.74,45.29,Moderada
2025-09-01 12:38:00.000000,59.1,45.05,Moderada
2025-09-01 12:39:00.000000,69.15,61.54,Boa
2025-09-01 12:40:00.000000,51.89,48.4,Moderada
2025-09-01 12:41:00.000000,74.46,31.09,Moderada
2025-09-01 12:42:00.000000,68.0,37.47,Moderada
2025-09-01 12:43:00.000000,66.05,38.12,Moderada
2025-09-01 12:44:00.000000,74.37,42.43,Moderada
2025-09-01 12:45:00.000000,56.06,18.97,Moderada
2025-09-01 12:46:00.000000,82.38,51.76,Moderada
2025-09-01 12:47:00.000000,52.13,37.9,Moderada
2025-09-01 12:48:00.000000,100.46,51.23,Boa
2025-09-01 12:49:00.000000,53.22,50.05,Boa
2025-09-01 12:50:00.000000,65.71,39.1,Boa
2025-09-01 12:51:00.000000,67.44,50.3,Boa
2025-09-01 12:52:00.000000,64.56,55.93,Moderada
2025-09-01 12:53:00.000000,86.82,47.88,Moderada
2025-09-01 12:54:00.000000,43.2,44.52,Boa
2025-09-01 12:55:00.000000,69.84,40.58,Moderada
2025-09-01 12:56:00.000000,77.85,36.01,Moderada
2025-09-01 12:57:00.000000,54.93,42.75,Moderada
2025-09-01 12:58:00.000000,57.74,48.22,Moderada
2025-09-01 12:59:00.000000,96.4,30.2,Moderada
2025-09-01 13:00:00.000000,67.86,34.86,Boa
2025-09-01 13:01:00.000000,62.1,43.38,Boa
2025-09-01 13:02:00.000000,73.83,42.37,Boa
2025-09-01 13:03:00.000000,68.28,47.34,Moderada
2025-09-01 13:04:00.000000,102.85,46.08,Moderada
2025-09-01 13:05:00.000000,51.49,32.27,Moderada
2025-09-01 13:06:00.000000,59.58,35.86,Moderada
2025-09-01 13:07:00.000000,78.14,40.46,Boa
2025-09-01 13:08:00.000000,80.1,34.48,Moderada
2025-09-01 13:09:00.000000,39.4,28.58,Moderada
2025-09-01 13:10:00.000000,47.77,45.68,Moderada
2025-09-01 13:11:00.000000,79.36,51.17,Boa
2025-09-01 13:12:00.000000,81.08,49.2,Moderada
2025-09-01 13:13:00.000000,44.07,56.28,Boa
2025-09-01 13:14:00.000000,67.97,36.64,Boa
2025-09-01 13:15:00.000000,71.74,47.69,Moderada
2025-09-01 13:16:00.000000,55.04,36.08,Boa
2025-09-01 13:17:00.000000,75.47,43.19,Moderada
2025-09-01 13:18:00.000000,75.99,32.74,Moderada
2025-09-01 13:19:00.000000,75.86,28.1,Boa
2025-09-01 13:20:00.000000,81.84,46.18,Boa
2025-09-01 13:21:00.000000,77.91,48.46,Moderada
2025-09-01 13:22:00.000000,75.25,37.16,Boa
2025-09-01 13:23:00.000000,58.48,43.22,Boa
2025-09-01 13:24:00.000000,50.64,42.54,Boa
2025-09-01 13:25:00.000000,64.33,30.2,Moderada
2025-09-01 13:26:00.000000,92.3,23.48,Boa
2025-09-01 13:27:00.000000,81.87,40.89,Moderada
2025-09-01 13:28:00.000000,59.1,30.77,Moderada
2025-09-01 13:29:00.000000,45.67,35.54,Boa
2025-09-01 13:30:00.000000,69.86,57.17,Moderada
2025-09-01 13:31:00.000000,79.66,42.41,Moderada
2025-09-01 13:32:00.000000,50.89,44.81,Boa
2025-09-01 13:33:00.000000,71.77,22.67,Boa
2025-09-01 13:34:00.000000,75.19,35.3,Boa
2025-09-01 13:35:00.000000,14.8,54.64,Boa
2025-09-01 13:36:00.000000,76.37,45.3,Moderada
2025-09-01 13:37:00.000000,40.27,37.54,Moderada
2025-09-01 13:38:00.000000,79.7,19.5,Moderada
2025-09-01 13:39:00.000000,100.38,38.37,Moderada
2025-09-01 13:40:00.000000,52.4,30.56,Moderada
2025-09-01 13:41:00.000000,56.5,34.6,Moderada
2025-09-01 13:42:00.000000,63.58,66.75,Moderada
2025-09-01 13:43:00.000000,50.96,24.8,Boa
2025-09-01 13:44:00.000000,67.3,46.14,Moderada
2025-09-01 13:45:00.000000,40.54,31.14,Moderada
2025-09-01 13:46:00.000000,74.94,46.99,Insalubre (grupos sensíveis)
2025-09-01 13:47:00.000000,83.31,40.98,Moderada
2025-09-01 13:48:00.000000,82.66,43.96,Boa
2025-09-01 13:49:00.000000,63.46,42.66,Moderada
2025-09-01 13:50:00.000000,66.98,55.17,Moderada
2025-09-01 13:51:00.000000,59.85,42.62,Boa
2025-09-01 13:52:00.000000,71.97,52.54,Moderada
2025-09-01 13:53:00.000000,74.42,50.77,Moderada
2025-09-01 13:54:00.000000,78.33,25.93,Moderada
2025-09-01 13:55:00.000000,83.0,34.37,Boa
2025-09-01 13:56:00.000000,74.05,33.23,Moderada
2025-09-01 13:57:00.000000,68.39,45.07,Moderada
2025-09-01 13:58:00.000000,72.7,27.47,Boa
2025-09-01 13:59:00.000000,47.92,53.84,Moderada
2025-09-01 14:00:00.000000,105.95,38.35,Boa
2025-09-01 14:01:00.000000,78.39,42.41,Boa
2025-09-01 14:02:00.000000,84.92,24.24,Boa
2025-09-01 14:03:00.000000,59.54,18.93,Moderada
2025-09-01 14:04:00.000000,66.44,28.8,Moderada
2025-09-01 14:05:00.000000,80.38,50.49,Moderada
2025-09-01 14:06:00.000000,60.65,34.84,Boa
2025-09-01 14:07:00.000000,32.07,34.84,Boa
2025-09-01 14:08:00.000000,75.23,36.21,Boa
2025-09-01 14:09:00.000000,67.42,18.68,Moderada
2025-09-01 14:10:00.000000,108.8,53.98,Moderada
2025-09-01 14:11:00.000000,76.63,43.6,Boa
2025-09-01 14:12:00.000000,56.62,49.32,Moderada
2025-09-01 14:13:00.000000,55.01,47.87,Moderada
2025-09-01 14:14:00.000000,78.74,45.44,Boa
2025-09-01 14:15:00.000000,59.78,40.95,Boa
2025-09-01 14:16:00.000000,86.01,46.43,Moderada
2025-09-01 14:17:00.000000,52.86,48.03,Boa
2025-09-01 14:18:00.000000,58.28,51.01,Moderada
2025-09-01 14:19:00.000000,61.85,42.4,Moderada
2025-09-01 14:20:00.000000,41.27,27.94,Moderada
2025-09-01 14:21:00.000000,60.74,35.25,Moderada
2025-09-01 14:22:00.000000,81.82,60.07,Boa
2025-09-01 14:23:00.000000,36.69,28.02,Boa
2025-09-01 14:24:00.000000,72.89,46.53,Boa
2025-09-01 14:25:00.000000,89.75,45.36,Moderada
2025-09-01 14:26:00.000000,84.29,30.95,Moderada
2025-09-01 14:27:00.000000,86.18,55.24,Boa
2025-09-01 14:28:00.000000,63.39,62.06,Boa
2025-09-01 14:29:00.000000,87.42,32.86,Boa
2025-09-01 14:30:00.000000,52.57,35.28,Boa
2025-09-01 14:31:00.000000,76.79,42.52,Boa
2025-09-01 14:32:00.000000,68.93,37.41,Boa
2025-09-01 14:33:00.000000,70.81,42.85,Moderada
2025-09-01 14:34:00.000000,86.91,38.84,Boa
2025-09-01 14:35:00.000000,67.79,18.69,Moderada
2025-09-01 14:36:00.000000,92.91,35.21,Boa
2025-09-01 14:37:00.000000,65.01,50.83,Boa
2025-09-01 14:38:00.000000,75.24,52.88,Moderada
2025-09-01 14:39:00.000000,51.96,39.09,Boa
2025-09-01 14:40:00.000000,66.0,40.6,Moderada
2025-09-01 14:41:00.000000,61.68,37.94,Moderada
2025-09-01 14:42:00.000000,39.26,47.74,Moderada
2025-09-01 14:43:00.000000,83.11,19.84,Moderada
2025-09-01 14:44:00.000000,93.43,45.26,Boa
2025-09-01 14:45:00.000000,80.17,33.51,Moderada
2025-09-01 14:46:00.000000,94.58,50.7,Moderada
2025-09-01 14:47:00.000000,66.99,35.06,Boa
2025-09-01 14:48:00.000000,84.87,41.38,Boa
2025-09-01 14:49:00.000000,90.51,44.59,Boa
2025-09-01 14:50:00.000000,84.55,35.73,Boa
2025-09-01 14:51:00.000000,78.86,38.45,Moderada
2025-09-01 14:52:00.000000,67.33,40.55,Moderada
2025-09-01 14:53:00.000000,73.77,42.76,Boa
2025-09-01 14:54:00.000000,73.7,42.97,Moderada
2025-09-01 14:55:00.000000,88.98,44.5,Moderada
2025-09-01 14:56:00.000000,47.75,46.01,Moderada
2025-09-01 14:57:00.000000,66.01,24.8,Moderada
2025-09-01 14:58:00.000000,96.62,44.16,Moderada
2025-09-01 14:59:00.000000,69.88,24.2,Boa
2025-09-01 15:00:00.000000,58.05,42.37,Boa
2025-09-01 15:01:00.000000,73.87,41.91,Boa
2025-09-01 15:02:00.000000,43.32,44.89,Moderada
2025-09-01 15:03:00.000000,45.77,52.05,Boa
2025-09-01 15:04:00.000000,78.68,32.74,Boa
2025-09-01 15:05:00.000000,60.2,28.48,Moderada
2025-09-01 15:06:00.000000,101.45,29.62,Moderada
2025-09-01 15:07:00.000000,96.68,63.48,Moderada
2025-09-01 15:08:00.000000,51.42,36.51,Boa
2025-09-01 15:09:00.000000,58.41,44.84,Moderada
2025-09-01 15:10:00.000000,61.31,43.6,Boa
2025-09-01 15:11:00.000000,72.62,25.34,Moderada
2025-09-01 15:12:00.000000,56.61,57.3,Moderada
2025-09-01 15:13:00.000000,73.16,36.26,Moderada
2025-09-01 15:14:00.000000,70.6,38.39,Moderada
2025-09-01 15:15:00.000000,43.11,46.08,Moderada
2025-09-01 15:16:00.000000,83.21,37.85,Boa
2025-09-01 15:17:00.000000,67.58,35.55,Moderada
2025-09-01 15:18:00.000000,83.3,45.36,Moderada
2025-09-01 15:19:00.000000,62.28,36.11,Moderada
2025-09-01 15:20:00.000000,66.1,56.26,Moderada
2025-09-01 15:21:00.000000,76.68,26.98,Moderada
2025-09-01 15:22:00.000000,80.98,49.42,Moderada
2025-09-01 15:23:00.000000,61.91,45.08,Moderada
2025-09-01 15:24:00.000000,67.39,39.38,Moderada
2025-09-01 15:25:00.000000,91.31,37.05,Moderada
2025-09-01 15:26:00.000000,57.32,35.52,Moderada
2025-09-01 15:27:00.000000,106.4,31.24,Boa
2025-09-01 15:28:00.000000,79.54,26.75,Moderada
2025-09-01 15:29:00.000000,71.23,48.42,Boa
2025-09-01 15:30:00.000000,77.2,56.94,Boa
2025-09-01 15:31:00.000000,79.97,36.41,Moderada
2025-09-01 15:32:00.000000,55.16,38.77,Moderada
2025-09-01 15:33:00.000000,72.79,39.83,Boa
2025-09-01 15:34:00.000000,61.8,33.86,Boa
2025-09-01 15:35:00.000000,42.16,34.79,Moderada
2025-09-01 15:36:00.000000,67.4,35.9,Boa
2025-09-01 15:37:00.000000,79.24,37.88,Moderada
2025-09-01 15:38:00.000000,35.26,28.33,Boa
2025-09-01 15:39:00.000000,76.96,46.54,Moderada
2025-09-01 15:40:00.000000,78.07,62.3,Moderada
2025-09-01 15:41:00.000000,51.66,39.25,Boa
2025-09-01 15:42:00.000000,80.08,32.78,Boa
2025-09-01 15:43:00.000000,76.45,40.1,Boa
2025-09-01 15:44:00.000000,76.4,30.28,Boa
2025-09-01 15:45:00.000000,96.18,25.64,Boa
2025-09-01 15:46:00.000000,35.44,48.15,Boa
2025-09-01 15:47:00.000000,65.86,22.1,Boa
2025-09-01 15:48:00.000000,70.55,46.05,Moderada
2025-09-01 15:49:00.000000,72.6,45.98,Moderada
2025-09-01 15:50:00.000000,34.16,39.81,Boa
2025-09-01 15:51:00.000000,58.57,37.45,Boa
2025-09-01 15:52:00.000000,69.23,57.89,Moderada
2025-09-01 15:53:00.000000,92.13,32.18,Moderada
2025-09-01 15:54:00.000000,66.84,38.32,Boa
2025-09-01 15:55:00.000000,65.25,29.09,Boa
2025-09-01 15:56:00.000000,87.43,51.05,Moderada
2025-09-01 15:57:00.000000,75.43,34.26,Boa
2025-09-01 15:58:00.000000,57.26,37.55,Boa
2025-09-01 15:59:00.000000,72.38,34.05,Moderada
2025-09-01 16:00:00.000000,56.04,33.77,Moderada
2025-09-01 16:01:00.000000,79.72,16.6,Boa
2025-09-01 16:02:00.000000,65.14,26.07,Moderada
2025-09-01 16:03:00.000000,59.44,53.27,Moderada
2025-09-01 16:04:00.000000,70.73,33.53,Moderada
2025-09-01 16:05:00.000000,76.51,33.43,Moderada
2025-09-01 16:06:00.000000,55.74,42.28,Boa
2025-09-01 16:07:00.000000,78.5,41.18,Moderada
2025-09-01 16:08:00.000000,56.52,33.06,Moderada
2025-09-01 16:09:00.000000,87.72,41.61,Boa
2025-09-01 16:10:00.000000,59.49,57.0,Moderada
2025-09-01 16:11:00.000000,65.02,35.7,Moderada
2025-09-01 16:12:00.000000,82.74,50.27,Moderada
2025-09-01 16:13:00.000000,73.01,49.11,Moderada
2025-09-01 16:14:00.000000,61.37,26.09,Moderada
2025-09-01 16:15:00.000000,85.23,47.59,Moderada
2025-09-01 16:16:00.000000,69.58,51.85,Moderada
2025-09-01 16:17:00.000000,68.18,45.63,Boa
2025-09-01 16:18:00.000000,68.62,45.31,Moderada
2025-09-01 16:19:00.000000,82.28,36.03,Moderada
2025-09-01 08:00:00.000000,36.29,54.96,Moderada
2025-09-01 08:01:00.000000,34.56,46.58,Boa
2025-09-01 08:02:00.000000,29.74,51.48,Moderada
2025-09-01 08:03:00.000000,59.8,50.58,Moderada
2025-09-01 08:04:00.000000,40.26,67.71,Moderada
2025-09-01 08:05:00.000000,47.3,35.42,Moderada
2025-09-01 08:06:00.000000,51.87,55.09,Moderada
2025-09-01 08:07:00.000000,46.7,72.74,Moderada
2025-09-01 08:08:00.000000,39.03,51.13,Moderada
2025-09-01 08:09:00.000000,29.53,40.69,Moderada
2025-09-01 08:10:00.000000,48.14,42.65,Boa
2025-09-01 08:11:00.000000,44.4,46.51,Moderada
2025-09-01 08:12:00.000000,38.04,48.55,Boa
2025-09-01 08:13:00.000000,36.5,68.99,Boa
2025-09-01 08:14:00.000000,31.71,65.56,Boa
2025-09-01 08:15:00.000000,48.19,26.81,Boa
2025-09-01 08:16:00.000000,51.53,49.96,Moderada
2025-09-01 08:17:00.000000,40.92,55.15,Moderada
2025-09-01 08:18:00.000000,45.83,71.92,Moderada
2025-09-01 08:19:00.000000,32.24,69.89,Moderada
2025-09-01 08:20:00.000000,42.8,39.63,Moderada
2025-09-01 08:21:00.000000,30.94,57.66,Moderada
2025-09-01 08:22:00.000000,56.24,49.02,Moderada
2025-09-01 08:23:00.000000,30.98,38.29,Moderada
2025-09-01 08:24:00.000000,51.3,32.71,Boa
2025-09-01 08:25:00.000000,39.43,43.89,Moderada
2025-09-01 08:26:00.000000,35.67,49.36,Boa
2025-09-01 08:27:00.000000,48.89,58.14,Moderada
2025-09-01 08:28:00.000000,47.84,37.46,Moderada
2025-09-01 08:29:00.000000,44.21,47.3,Moderada
2025-09-01 08:30:00.000000,32.74,51.54,Moderada
2025-09-01 08:31:00.000000,49.45,50.83,Moderada
2025-09-01 08:32:00.000000,30.87,36.65,Boa
2025-09-01 08:33:00.000000,34.0,66.9,Moderada
2025-09-01 08:34:00.000000,43.86,22.37,Boa
2025-09-01 08:35:00.000000,34.58,35.03,Moderada
2025-09-01 08:36:00.000000,43.94,66.1,Moderada
2025-09-01 08:37:00.000000,61.1,60.69,Boa
2025-09-01 08:38:00.000000,35.71,53.06,Moderada
2025-09-01 08:39:00.000000,32.85,55.87,Moderada
2025-09-01 08:40:00.000000,31.48,48.48,Boa
2025-09-01 08:41:00.000000,42.13,38.12,Moderada
2025-09-01 08:42:00.000000,46.47,48.33,Moderada
2025-09-01 08:43:00.000000,33.66,54.24,Moderada
2025-09-01 08:44:00.000000,29.99,52.68,Boa
2025-09-01 08:45:00.000000,19.76,52.85,Boa
2025-09-01 08:46:00.000000,55.09,52.76,Boa
2025-09-01 08:47:00.000000,38.79,30.17,Moderada
2025-09-01 08:48:00.000000,43.51,61.98,Boa
2025-09-01 08:49:00.000000,43.49,53.31,Moderada
2025-09-01 08:50:00.000000,48.4,41.54,Boa
2025-09-01 08:51:00.000000,57.76,27.36,Boa
2025-09-01 08:52:00.000000,34.66,36.43,Moderada
2025-09-01 08:53:00.000000,30.01,45.86,Moderada
2025-09-01 08:54:00.000000,38.42,55.17,Boa
2025-09-01 08:55:00.000000,54.8,45.44,Moderada
2025-09-01 08:56:00.000000,37.72,42.13,Boa
2025-09-01 08:57:00.000000,42.11,59.44,Moderada
2025-09-01 08:58:00.000000,35.03,47.01,Moderada
2025-09-01 08:59:00.000000,46.58,60.05,Moderada
2025-09-01 09:00:00.000000,49.87,61.5,Moderada
2025-09-01 09:01:00.000000,30.93,57.6,Moderada
2025-09-01 09:02:00.000000,31.59,47.74,Moderada
2025-09-01 09:03:00.000000,42.34,49.12,Moderada
2025-09-01 09:04:00.000000,45.97,58.56,Boa
2025-09-01 09:05:00.000000,30.25,46.55,Boa
2025-09-01 09:06:00.000000,27.34,60.04,Boa
2025-09-01 09:07:00.000000,39.02,37.75,Moderada
2025-09-01 09:08:00.000000,61.78,52.79,Moderada
2025-09-01 09:09:00.000000,41.13,71.39,Moderada
2025-09-01 09:10:00.000000,51.09,46.42,Moderada
2025-09-01 09:11:00.000000,32.12,61.84,Boa
2025-09-01 09:12:00.000000,54.52,39.06,Moderada
2025-09-01 09:13:00.000000,43.97,33.79,Boa
2025-09-01 09:14:00.000000,29.84,96.99,Boa
2025-09-01 09:15:00.000000,45.89,62.36,Moderada
2025-09-01 09:16:00.000000,43.93,41.39,Moderada
2025-09-01 09:17:00.000000,32.0,26.82,Moderada
2025-09-01 09:18:00.000000,57.66,48.23,Boa
2025-09-01 09:19:00.000000,48.43,40.77,Moderada
2025-09-01 09:20:00.000000,40.05,69.27,Moderada
2025-09-01 09:21:00.000000,34.52,32.2,Moderada
2025-09-01 09:22:00.000000,36.44,40.76,Moderada
2025-09-01 09:23:00.000000,34.49,51.34,Moderada
2025-09-01 09:24:00.000000,41.1,41.81,Moderada
2025-09-01 09:25:00.000000,43.2,57.58,Moderada
2025-09-01 09:26:00.000000,39.29,72.84,Boa
2025-09-01 09:27:00.000000,28.62,35.68,Boa
2025-09-01 09:28:00.000000,35.63,51.68,Moderada
2025-09-01 09:29:00.000000,40.05,41.3,Moderada
2025-09-01 09:30:00.000000,28.48,52.24,Boa
2025-09-01 09:31:00.000000,65.14,61.52,Moderada
2025-09-01 09:32:00.000000,38.95,36.46,Moderada
2025-09-01 09:33:00.000000,32.45,45.78,Moderada
2025-09-01 09:34:00.000000,47.26,46.46,Boa
2025-09-01 09:35:00.000000,46.11,58.5,Moderada
2025-09-01 09:36:00.000000,37.69,61.79,Moderada
2025-09-01 09:37:00.000000,39.43,42.35,Moderada
2025-09-01 09:38:00.000000,39.45,46.68,Moderada
2025-09-01 09:39:00.000000,50.37,70.57,Moderada
2025-09-01 09:40:00.000000,43.69,61.39,Moderada
2025-09-01 09:41:00.000000,41.65,52.03,Moderada
2025-09-01 09:42:00.000000,25.34,60.68,Moderada
2025-09-01 09:43:00.000000,31.33,31.32,Moderada
2025-09-01 09:44:00.000000,42.63,44.22,Boa
2025-09-01 09:45:00.000000,44.2,55.26,Moderada
2025-09-01 09:46:00.000000,33.61,52.37,Boa
2025-09-01 09:47:00.000000,39.99,13.69,Boa
2025-09-01 09:48:00.000000,47.43,23.53,Moderada
2025-09-01 09:49:00.000000,49.39,49.72,Moderada
2025-09-01 09:50:00.000000,43.92,52.36,Moderada
2025-09-01 09:51:00.000000,52.01,57.39,Moderada
2025-09-01 09:52:00.000000,41.12,51.11,Boa
2025-09-01 09:53:00.000000,51.06,44.64,Boa
2025-09-01 09:54:00.000000,51.15,62.01,Boa
2025-09-01 09:55:00.000000,41.6,30.43,Moderada
2025-09-01 09:56:00.000000,34.93,58.86,Moderada
2025-09-01 09:57:00.000000,24.0,50.74,Moderada
2025-09-01 09:58:00.000000,41.47,31.35,Moderada
2025-09-01 09:59:00.000000,35.06,64.82,Boa
2025-09-01 10:00:00.000000,52.24,52.17,Moderada
2025-09-01 10:01:00.000000,28.44,39.04,Moderada
2025-09-01 10:02:00.000000,47.32,56.45,Boa
2025-09-01 10:03:00.000000,38.58,26.69,Boa
2025-09-01 10:04:00.000000,46.73,35.42,Boa
2025-09-01 10:05:00.000000,56.28,47.61,Boa
2025-09-01 10:06:00.000000,44.34,46.32,Moderada
2025-09-01 10:07:00.000000,40.72,61.55,Moderada
2025-09-01 10:08:00.000000,38.21,50.41,Boa
2025-09-01 10:09:00.000000,45.81,65.96,Boa
2025-09-01 10:10:00.000000,43.84,40.02,Boa
2025-09-01 10:11:00.000000,40.34,50.44,Boa
2025-09-01 10:12:00.000000,25.71,41.36,Boa
2025-09-01 10:13:00.000000,46.44,37.04,Moderada
2025-09-01 10:14:00.000000,45.36,40.29,Moderada
2025-09-01 10:15:00.000000,42.92,17.39,Moderada
2025-09-01 10:16:00.000000,47.65,62.65,Moderada
2025-09-01 10:17:00.000000,45.91,38.66,Moderada
2025-09-01 10:18:00.000000,31.02,66.89,Moderada
2025-09-01 10:19:00.000000,43.19,54.48,Moderada
2025-09-01 10:20:00.000000,45.73,48.71,Moderada
2025-09-01 10:21:00.000000,37.47,53.55,Boa
2025-09-01 10:22:00.000000,31.72,58.3,Boa
2025-09-01 10:23:00.000000,22.15,73.22,Boa
2025-09-01 10:24:00.000000,35.69,42.31,Moderada
2025-09-01 10:25:00.000000,38.67,54.5,Moderada
2025-09-01 10:26:00.000000,41.69,48.08,Moderada
2025-09-01 10:27:00.000000,44.65,56.7,Boa
2025-09-01 10:28:00.000000,24.83,40.27,Moderada
2025-09-01 10:29:00.000000,38.78,44.88,Moderada
2025-09-01 10:30:00.000000,21.7,58.31,Moderada
2025-09-01 10:31:00.000000,44.97,46.16,Moderada
2025-09-01 10:32:00.000000,42.57,59.13,Moderada
2025-09-01 10:33:00.000000,46.9,74.35,Boa
2025-09-01 10:34:00.000000,48.19,53.43,Moderada
2025-09-01 10:35:00.000000,39.22,52.76,Moderada
2025-09-01 10:36:00.000000,25.67,37.85,Moderada
2025-09-01 10:37:00.000000,35.04,45.19,Moderada
2025-09-01 10:38:00.000000,40.52,57.76,Boa
2025-09-01 10:39:00.000000,23.53,44.19,Boa
2025-09-01 10:40:00.000000,41.33,53.91,Boa
2025-09-01 10:41:00.000000,40.79,55.92,Boa
2025-09-01 10:42:00.000000,33.27,36.67,Boa
2025-09-01 10:43:00.000000,41.93,43.63,Boa
2025-09-01 10:44:00.000000,27.36,46.86,Boa
2025-09-01 10:45:00.000000,37.98,57.27,Boa
2025-09-01 10:46:00.000000,39.13,31.86,Moderada
2025-09-01 10:47:00.000000,39.87,49.21,Moderada
2025-09-01 10:48:00.000000,38.9,68.74,Boa
2025-09-01 10:49:00.000000,44.89,24.99,Boa
2025-09-01 10:50:00.000000,37.71,42.09,Boa
2025-09-01 10:51:00.000000,31.15,58.06,Boa
2025-09-01 10:52:00.000000,22.49,42.62,Boa
2025-09-01 10:53:00.000000,41.32,54.76,Boa
2025-09-01 10:54:00.000000,48.09,68.52,Moderada
2025-09-01 10:55:00.000000,40.65,29.77,Boa
2025-09-01 10:56:00.000000,40.2,48.6,Boa
2025-09-01 10:57:00.000000,36.55,48.1,Moderada
2025-09-01 10:58:00.000000,31.41,36.06,Moderada
2025-09-01 10:59:00.000000,36.07,46.36,Moderada
2025-09-01 11:00:00.000000,43.56,72.93,Boa
2025-09-01 11:01:00.000000,44.45,58.86,Moderada
2025-09-01 11:02:00.000000,42.67,40.58,Boa
2025-09-01 11:03:00.000000,40.91,54.91,Moderada
2025-09-01 11:04:00.000000,29.85,52.64,Boa
2025-09-01 11:05:00.000000,50.02,38.6,Boa
2025-09-01 11:06:00.000000,36.46,42.19,Boa
2025-09-01 11:07:00.000000,45.52,44.5,Moderada
2025-09-01 11:08:00.000000,40.67,41.88,Moderada
2025-09-01 11:09:00.000000,41.63,63.75,Boa
2025-09-01 11:10:00.000000,32.87,44.88,Moderada
2025-09-01 11:11:00.000000,35.67,47.38,Moderada
2025-09-01 11:12:00.000000,43.99,58.37,Boa
2025-09-01 11:13:00.000000,38.99,59.06,Moderada
2025-09-01 11:14:00.000000,49.28,65.94,Moderada
2025-09-01 11:15:00.000000,50.94,52.35,Moderada
2025-09-01 11:16:00.000000,47.54,31.79,Boa
2025-09-01 11:17:00.000000,39.74,54.68,Boa
2025-09-01 11:18:00.000000,46.78,35.83,Moderada
2025-09-01 11:19:00.000000,41.17,67.63,Boa
2025-09-01 11:20:00.000000,32.73,58.59,Boa
2025-09-01 11:21:00.000000,43.31,46.8,Boa
2025-09-01 11:22:00.000000,44.64,46.04,Moderada
2025-09-01 11:23:00.000000,36.04,36.49,Moderada
2025-09-01 11:24:00.000000,39.42,56.77,Boa
2025-09-01 11:25:00.000000,41.32,72.27,Boa
2025-09-01 11:26:00.000000,38.31,70.27,Boa
2025-09-01 11:27:00.000000,44.1,56.59,Boa
2025-09-01 11:28:00.000000,40.69,72.16,Moderada
2025-09-01 11:29:00.000000,44.37,57.47,Moderada
2025-09-01 11:30:00.000000,55.0,44.61,Moderada
2025-09-01 11:31:00.000000,51.66,19.87,Boa
2025-09-01 11:32:00.000000,35.99,47.03,Moderada
2025-09-01 11:33:00.000000,45.32,60.34,Boa
2025-09-01 11:34:00.000000,45.98,31.84,Boa
2025-09-01 11:35:00.000000,45.85,39.14,Boa
2025-09-01 11:36:00.000000,43.51,53.25,Boa
2025-09-01 11:37:00.000000,33.26,62.41,Boa
2025-09-01 11:38:00.000000,46.53,62.02,Boa
2025-09-01 11:39:00.000000,40.56,55.4,Moderada
2025-09-01 11:40:00.000000,59.27,52.98,Moderada
2025-09-01 11:41:00.000000,41.19,74.6,Moderada
2025-09-01 11:42:00.000000,22.13,58.9,Moderada
2025-09-01 11:43:00.000000,41.49,61.78,Moderada
2025-09-01 11:44:00.000000,35.28,36.17,Boa
2025-09-01 11:45:00.000000,41.46,33.27,Moderada
2025-09-01 11:46:00.000000,57.14,30.84,Moderada
2025-09-01 11:47:00.000000,51.01,57.97,Boa
2025-09-01 11:48:00.000000,44.15,35.28,Moderada
2025-09-01 11:49:00.000000,41.3,48.87,Moderada
2025-09-01 11:50:00.000000,29.69,54.22,Boa
2025-09-01 11:51:00.000000,34.79,75.46,Boa
2025-09-01 11:52:00.000000,30.35,37.05,Boa
2025-09-01 11:53:00.000000,39.9,39.28,Moderada
2025-09-01 11:54:00.000000,18.32,38.75,Moderada
2025-09-01 11:55:00.000000,33.14,59.59,Boa
2025-09-01 11:56:00.000000,35.96,56.26,Moderada
2025-09-01 11:57:00.000000,38.01,55.39,Moderada
2025-09-01 11:58:00.000000,28.73,41.17,Moderada
2025-09-01 11:59:00.000000,41.69,46.44,Moderada
2025-09-01 12:00:00.000000,38.92,53.08,Moderada
2025-09-01 12:01:00.000000,37.14,42.72,Boa
2025-09-01 12:02:00.000000,31.17,36.34,Moderada
2025-09-01 12:03:00.000000,50.79,61.25,Boa
2025-09-01 12:04:00.000000,49.02,31.58,Moderada
2025-09-01 12:05:00.000000,34.4,42.87,Moderada
2025-09-01 12:06:00.000000,50.59,52.89,Moderada
2025-09-01 12:07:00.000000,32.98,65.48,Boa
2025-09-01 12:08:00.000000,44.58,62.22,Moderada
2025-09-01 12:09:00.000000,27.32,51.91,Boa
2025-09-01 12:10:00.000000,33.11,48.26,Moderada
2025-09-01 12:11:00.000000,46.37,32.2,Moderada
2025-09-01 12:12:00.000000,37.04,36.09,Boa
2025-09-01 12:13:00.000000,33.75,43.3,Moderada
2025-09-01 12:14:00.000000,34.42,57.39,Boa
2025-09-01 12:15:00.000000,50.61,64.18,Boa
2025-09-01 12:16:00.000000,32.08,58.29,Moderada
2025-09-01 12:17:00.000000,35.61,28.69,Moderada
2025-09-01 12:18:00.000000,46.94,35.82,Moderada
2025-09-01 12:19:00.000000,49.14,51.2,Boa
2025-09-01 12:20:00.000000,37.51,48.33,Moderada
2025-09-01 12:21:00.000000,32.59,65.04,Boa
2025-09-01 12:22:00.000000,39.9,50.06,Moderada
2025-09-01 12:23:00.000000,39.81,54.28,Moderada
2025-09-01 12:24:00.000000,41.88,59.69,Moderada
2025-09-01 12:25:00.000000,64.0,43.73,Boa
2025-09-01 12:26:00.000000,36.89,50.82,Boa
2025-09-01 12:27:00.000000,50.35,63.02,Moderada
2025-09-01 12:28:00.000000,31.68,49.05,Moderada
2025-09-01 12:29:00.000000,44.08,45.81,Moderada
2025-09-01 12:30:00.000000,24.46,47.33,Moderada
2025-09-01 12:31:00.000000,39.6,23.73,Moderada
2025-09-01 12:32:00.000000,44.91,49.63,Boa
2025-09-01 12:33:00.000000,39.36,65.36,Moderada
2025-09-01 12:34:00.000000,35.64,45.74,Boa
2025-09-01 12:35:00.000000,31.93,37.66,Moderada
2025-09-01 12:36:00.000000,51.81,62.28,Boa
2025-09-01 12:37:00.000000,41.59,46.89,Moderada
2025-09-01 12:38:00.000000,29.57,50.57,Moderada
2025-09-01 12:39:00.000000,21.83,54.72,Boa
2025-09-01 12:40:00.000000,45.25,60.87,Moderada
2025-09-01 12:41:00.000000,40.9,52.81,Boa
2025-09-01 12:42:00.000000,51.5,55.88,Boa
2025-09-01 12:43:00.000000,31.95,63.88,Moderada
2025-09-01 12:44:00.000000,47.2,76.44,Moderada
2025-09-01 12:45:00.000000,54.82,59.29,Moderada
2025-09-01 12:46:00.000000,35.23,51.91,Boa
2025-09-01 12:47:00.000000,48.34,75.11,Moderada
2025-09-01 12:48:00.000000,30.39,43.11,Moderada
2025-09-01 12:49:00.000000,41.95,56.64,Moderada
2025-09-01 12:50:00.000000,35.17,18.91,Moderada
2025-09-01 12:51:00.000000,53.88,31.45,Boa
2025-09-01 12:52:00.000000,39.57,56.98,Boa
2025-09-01 12:53:00.000000,56.76,44.77,Boa
2025-09-01 12:54:00.000000,32.03,30.55,Moderada
2025-09-01 12:55:00.000000,27.33,43.23,Moderada
2025-09-01 12:56:00.000000,55.57,56.65,Boa
2025-09-01 12:57:00.000000,22.8,60.77,Boa
2025-09-01 12:58:00.000000,31.56,37.46,Boa
2025-09-01 12:59:00.000000,37.24,30.17,Boa
2025-09-01 13:00:00.000000,49.24,51.83,Moderada
2025-09-01 13:01:00.000000,34.36,65.47,Boa
2025-09-01 13:02:00.000000,45.54,73.4,Moderada
2025-09-01 13:03:00.000000,46.23,57.06,Moderada
2025-09-01 13:04:00.000000,53.18,21.31,Boa
2025-09-01 13:05:00.000000,31.56,52.26,Boa
2025-09-01 13:06:00.000000,38.74,40.95,Boa
2025-09-01 13:07:00.000000,44.96,63.53,Moderada
2025-09-01 13:08:00.000000,44.34,51.76,Boa
2025-09-01 13:09:00.000000,45.46,46.96,Boa
2025-09-01 13:10:00.000000,44.76,37.14,Boa
2025-09-01 13:11:00.000000,41.84,54.34,Moderada
2025-09-01 13:12:00.000000,28.51,56.91,Boa
2025-09-01 13:13:00.000000,32.72,60.23,Moderada
2025-09-01 13:14:00.000000,23.46,47.1,Moderada
2025-09-01 13:15:00.000000,43.75,62.18,Moderada
2025-09-01 13:16:00.000000,32.42,49.09,Boa
2025-09-01 13:17:00.000000,52.42,51.35,Moderada
2025-09-01 13:18:00.000000,40.69,47.71,Boa
2025-09-01 13:19:00.000000,35.87,46.78,Moderada
2025-09-01 13:20:00.000000,38.14,44.09,Boa
2025-09-01 13:21:00.000000,34.94,52.87,Boa
2025-09-01 13:22:00.000000,28.58,61.88,Moderada
2025-09-01 13:23:00.000000,46.54,66.38,Boa
2025-09-01 13:24:00.000000,60.48,44.86,Moderada
2025-09-01 13:25:00.000000,41.74,55.5,Moderada
2025-09-01 13:26:00.000000,44.0,43.03,Moderada
2025-09-01 13:27:00.000000,35.38,54.66,Boa
2025-09-01 13:28:00.000000,22.77,28.54,Boa
2025-09-01 13:29:00.000000,41.28,56.45,Moderada
2025-09-01 13:30:00.000000,53.26,70.35,Boa
2025-09-01 13:31:00.000000,36.68,69.62,Boa
2025-09-01 13:32:00.000000,42.49,39.07,Moderada
2025-09-01 13:33:00.000000,48.37,43.73,Moderada
2025-09-01 13:34:00.000000,40.09,43.33,Moderada
2025-09-01 13:35:00.000000,33.54,65.55,Moderada
2025-09-01 13:36:00.000000,43.17,39.57,Moderada
2025-09-01 13:37:00.000000,44.3,64.95,Moderada
2025-09-01 13:38:00.000000,46.65,59.49,Insalubre (grupos sensíveis)
2025-09-01 13:39:00.000000,44.14,60.96,Moderada
2025-09-01 13:40:00.000000,23.94,32.03,Boa
2025-09-01 13:41:00.000000,52.42,26.84,Moderada
2025-09-01 13:42:00.000000,39.3,60.79,Moderada
2025-09-01 13:43:00.000000,48.18,61.5,Boa
2025-09-01 13:44:00.000000,31.63,58.55,Boa
2025-09-01 13:45:00.000000,44.44,64.47,Moderada
2025-09-01 13:46:00.000000,36.21,47.27,Moderada
2025-09-01 13:47:00.000000,27.25,52.2,Boa
2025-09-01 13:48:00.000000,32.83,52.23,Moderada
2025-09-01 13:49:00.000000,54.31,61.26,Moderada
2025-09-01 13:50:00.000000,41.05,56.98,Boa
2025-09-01 13:51:00.000000,45.25,51.58,Moderada
2025-09-01 13:52:00.000000,37.26,53.19,Boa
2025-09-01 13:53:00.000000,27.63,48.05,Moderada
2025-09-01 13:54:00.000000,40.87,30.3,Moderada
2025-09-01 13:55:00.000000,36.04,30.9,Moderada
2025-09-01 13:56:00.000000,34.83,30.63,Boa
2025-09-01 13:57:00.000000,37.57,47.41,Boa
2025-09-01 13:58:00.000000,49.69,44.6,Boa
2025-09-01 13:59:00.000000,25.78,45.99,Boa
2025-09-01 14:00:00.000000,48.36,51.09,Boa
2025-09-01 14:01:00.000000,31.23,38.29,Moderada
2025-09-01 14:02:00.000000,40.98,64.63,Boa
2025-09-01 14:03:00.000000,31.17,60.79,Moderada
2025-09-01 14:04:00.000000,27.85,54.57,Boa
2025-09-01 14:05:00.000000,28.77,48.86,Moderada
2025-09-01 14:06:00.000000,37.17,60.04,Boa
2025-09-01 14:07:00.000000,46.21,23.38,Moderada
2025-09-01 14:08:00.000000,27.76,59.13,Moderada
2025-09-01 14:09:00.000000,47.24,56.6,Moderada
2025-09-01 14:10:00.000000,40.07,46.31,Boa
2025-09-01 14:11:00.000000,51.41,47.12,Moderada
2025-09-01 14:12:00.000000,40.73,62.08,Moderada
2025-09-01 14:13:00.000000,50.14,71.2,Boa
2025-09-01 14:14:00.000000,37.49,52.22,Moderada
2025-09-01 14:15:00.000000,39.61,40.66,Boa
2025-09-01 14:16:00.000000,36.27,56.57,Moderada
2025-09-01 14:17:00.000000,31.41,43.2,Moderada
2025-09-01 14:18:00.000000,40.81,51.19,Moderada
2025-09-01 14:19:00.000000,33.91,71.83,Moderada
2025-09-01 14:20:00.000000,38.8,46.36,Moderada
2025-09-01 14:21:00.000000,37.2,53.6,Boa
2025-09-01 14:22:00.000000,33.24,49.55,Moderada
2025-09-01 14:23:00.000000,25.48,59.32,Moderada
2025-09-01 14:24:00.000000,50.53,53.44,Boa
2025-09-01 14:25:00.000000,38.85,41.25,Moderada
2025-09-01 14:26:00.000000,62.43,40.63,Moderada
2025-09-01 14:27:00.000000,50.53,46.59,Boa
2025-09-01 14:28:00.000000,46.28,59.21,Moderada
2025-09-01 14:29:00.000000,39.41,58.68,Boa
2025-09-01 14:30:00.000000,33.7,34.36,Boa
2025-09-01 14:31:00.000000,41.87,41.4,Moderada
2025-09-01 14:32:00.000000,37.18,29.2,Boa
2025-09-01 14:33:00.000000,40.94,37.29,Moderada
2025-09-01 14:34:00.000000,54.3,43.27,Boa
2025-09-01 14:35:00.000000,45.61,71.48,Moderada
2025-09-01 14:36:00.000000,44.18,61.34,Moderada
2025-09-01 14:37:00.000000,35.14,59.04,Moderada
2025-09-01 14:38:00.000000,49.19,52.56,Moderada
2025-09-01 14:39:00.000000,36.38,50.23,Boa
2025-09-01 14:40:00.000000,41.04,47.92,Moderada
2025-09-01 14:41:00.000000,30.61,35.36,Boa
2025-09-01 14:42:00.000000,42.98,31.06,Moderada
2025-09-01 14:43:00.000000,42.18,66.11,Boa
2025-09-01 14:44:00.000000,30.07,44.65,Boa
2025-09-01 14:45:00.000000,34.88,65.42,Moderada
2025-09-01 14:46:00.000000,40.38,65.82,Moderada
2025-09-01 14:47:00.000000,44.2,39.47,Moderada
2025-09-01 14:48:00.000000,33.49,61.6,Boa
2025-09-01 14:49:00.000000,37.68,60.3,Moderada
2025-09-01 14:50:00.000000,36.66,66.33,Boa
2025-09-01 14:51:00.000000,39.35,52.12,Insalubre (grupos sensíveis)
2025-09-01 14:52:00.000000,38.51,59.81,Boa
2025-09-01 14:53:00.000000,40.18,57.21,Moderada
2025-09-01 14:54:00.000000,38.14,45.32,Moderada
2025-09-01 14:55:00.000000,36.62,54.74,Boa
2025-09-01 14:56:00.000000,40.51,46.45,Moderada
2025-09-01 14:57:00.000000,40.19,35.33,Moderada
2025-09-01 14:58:00.000000,44.98,41.99,Moderada
2025-09-01 14:59:00.000000,42.92,65.45,Moderada
2025-09-01 15:00:00.000000,49.51,43.78,Boa
2025-09-01 15:01:00.000000,47.61,61.57,Moderada
2025-09-01 15:02:00.000000,40.36,40.33,Moderada
2025-09-01 15:03:00.000000,37.91,38.93,Moderada
2025-09-01 15:04:00.000000,39.93,47.56,Moderada
2025-09-01 15:05:00.000000,29.13,59.16,Boa
2025-09-01 15:06:00.000000,23.19,46.73,Moderada
2025-09-01 15:07:00.000000,45.5,36.83,Moderada
2025-09-01 15:08:00.000000,38.33,45.24,Moderada
2025-09-01 15:09:00.000000,36.06,50.73,Moderada
2025-09-01 15:10:00.000000,42.54,56.78,Boa
2025-09-01 15:11:00.000000,37.31,48.65,Boa
2025-09-01 15:12:00.000000,28.96,43.96,Boa
2025-09-01 15:13:00.000000,31.6,22.81,Boa
2025-09-01 15:14:00.000000,32.4,67.37,Moderada
2025-09-01 15:15:00.000000,33.07,71.21,Boa
2025-09-01 15:16:00.000000,46.04,58.34,Boa
2025-09-01 15:17:00.000000,34.43,60.33,Boa
2025-09-01 15:18:00.000000,45.63,37.82,Boa
2025-09-01 15:19:00.000000,36.23,42.3,Moderada
2025-09-01 15:20:00.000000,31.96,67.72,Moderada
2025-09-01 15:21:00.000000,33.98,73.92,Moderada
2025-09-01 15:22:00.000000,45.68,51.42,Boa
2025-09-01 15:23:00.000000,46.79,56.93,Moderada
2025-09-01 15:24:00.000000,44.8,44.47,Moderada
2025-09-01 15:25:00.000000,51.94,38.22,Moderada
2025-09-01 15:26:00.000000,21.23,68.79,Insalubre (grupos sensíveis)
2025-09-01 15:27:00.000000,26.03,43.1,Moderada
2025-09-01 15:28:00.000000,44.22,55.35,Moderada
2025-09-01 15:29:00.000000,37.05,40.95,Boa
2025-09-01 15:30:00.000000,34.27,47.46,Boa
2025-09-01 15:31:00.000000,41.85,51.69,Moderada
2025-09-01 15:32:00.000000,35.66,32.66,Boa
2025-09-01 15:33:00.000000,37.45,59.35,Boa
2025-09-01 15:34:00.000000,47.76,57.1,Moderada
2025-09-01 15:35:00.000000,49.67,43.91,Boa
2025-09-01 15:36:00.000000,38.02,37.59,Moderada
2025-09-01 15:37:00.000000,43.45,55.51,Moderada
2025-09-01 15:38:00.000000,33.67,49.77,Moderada
2025-09-01 15:39:00.000000,48.0,36.39,Moderada
2025-09-01 15:40:00.000000,22.29,61.86,Moderada
2025-09-01 15:41:00.000000,32.96,52.33,Boa
2025-09-01 15:42:00.000000,43.96,48.13,Boa
2025-09-01 15:43:00.000000,40.88,35.46,Moderada
2025-09-01 15:44:00.000000,29.45,80.16,Moderada
2025-09-01 15:45:00.000000,42.69,41.01,Boa
2025-09-01 15:46:00.000000,58.19,37.9,Boa
2025-09-01 15:47:00.000000,50.89,44.59,Boa
2025-09-01 15:48:00.000000,43.98,40.07,Boa
2025-09-01 15:49:00.000000,24.65,38.39,Boa
2025-09-01 15:50:00.000000,50.52,47.45,Moderada
2025-09-01 15:51:00.000000,45.04,48.37,Moderada
2025-09-01 15:52:00.000000,40.33,64.81,Moderada
2025-09-01 15:53:00.000000,41.34,62.86,Boa
2025-09-01 15:54:00.000000,32.17,60.21,Moderada
2025-09-01 15:55:00.000000,40.95,54.55,Moderada
2025-09-01 15:56:00.000000,55.66,42.12,Moderada
2025-09-01 15:57:00.000000,28.29,47.37,Boa
2025-09-01 15:58:00.000000,44.69,48.46,Boa
2025-09-01 15:59:00.000000,44.37,30.0,Moderada
2025-09-01 16:00:00.000000,44.77,38.66,Moderada
2025-09-01 16:01:00.000000,37.92,48.14,Moderada
2025-09-01 16:02:00.000000,48.0,51.24,Moderada
2025-09-01 16:03:00.000000,37.68,57.48,Moderada
2025-09-01 16:04:00.000000,31.2,64.57,Moderada
2025-09-01 16:05:00.000000,47.14,54.86,Boa
2025-09-01 16:06:00.000000,32.42,57.88,Moderada
2025-09-01 16:07:00.000000,34.87,38.51,Boa
2025-09-01 16:08:00.000000,45.9,41.87,Moderada
2025-09-01 16:09:00.000000,39.24,54.52,Moderada
2025-09-01 16:10:00.000000,46.67,33.46,Boa
2025-09-01 16:11:00.000000,38.17,29.46,Moderada
2025-09-01 16:12:00.000000,37.61,45.69,Boa
2025-09-01 16:13:00.000000,32.47,59.32,Boa
2025-09-01 16:14:00.000000,51.16,44.99,Boa
2025-09-01 16:15:00.000000,36.26,45.91,Boa
2025-09-01 16:16:00.000000,41.1,42.61,Moderada
2025-09-01 16:17:00.000000,45.49,33.68,Boa
2025-09-01 16:18:00.000000,27.93,63.35,Moderada
2025-09-01 16:19:00.000000,40.21,66.26,Boa
